i_rank_show,c_comment,c_expense_group_main,c_creditor,d_doc,f_inv,c_acc_code,c_acc_name,c_acc_code2,c_acc_name2,,,,,,,,,,,,,,,,,,,,,,,,,,,,,,,,,,,,,,,,,,,,,,,,,,,,,
ที่,รายการ,ประเภทรายจ่าย,รายชื่อเจ้าหนี้,วันที่ตรวจรับ, จำนวนเงิน , รหัสบัญชีย่อยค่าใช้จ่ายเดบิต , ชื่อบัญชีย่อยค่าใช้จ่ายเดบิต , รหัสบัญชีย่อยค่าใช้จ่ายเครดิต , ชื่อบัญชีย่อยค่าใช้จ่ายเครดิต ,,,,,,,,,,,,,,,,,,,,,,,,,,,,,,,,,,,,,,,,,,,,,,,,,,,,,
1,จ้างควบคุมงานโครงการก่อสร้างอาคารบริการวิชาการฯ งวดที่ 22,ค่าครุภัณฑ์ที่ดินและสิ่งก่อสร้าง,กิจการร่วมค้า วันดีทู เอส.เอส. เอ็นจิเนียริ่ง คอนซัลแตนท์,2020-09-15," 1,130,000.00 ",10208010101,งานระหว่างดำเนินการ,20101040101,เจ้าหนี้งานก่อสร้าง,,,,,,,,,,,,,,,,,,,,,,,,,,,,,,,,,,,,,,,,,,,,,,,,,,,,,
2,จ้างควบคุมงานโครงการก่อสร้างอาคารผู้ป่วยนอก 9 ชั้นฯ งวดที่ 69 ถึง 70 จำนวน 2 งวด,ค่าครุภัณฑ์ที่ดินและสิ่งก่อสร้าง,สถาบันเทคโนโลยีพระจอมเกล้าเจ้าคุณทหารลาดกระบัง,2020-09-30," 668,000.00 ",10208010101,งานระหว่างดำเนินการ,20101040101,เจ้าหนี้งานก่อสร้าง,,,,,,,,,,,,,,,,,,,,,,,,,,,,,,,,,,,,,,,,,,,,,,,,,,,,,
3,"จ้างควบคุมงานโครงการก่อสร้างอาคารผู้ป่วยนอก 9 ชั้น และที่จอดรถใต้ดิน ฯงวดที่ 63, 65 ถึง 68 จำนวน 5 งวดงาน",ค่าครุภัณฑ์ที่ดินและสิ่งก่อสร้าง,สถาบันเทคโนโลยีพระจอมเกล้าเจ้าคุณทหารลาดกระบัง,2020-08-20," 1,670,000.00 ",10208010101,งานระหว่างดำเนินการ,20101040101,เจ้าหนี้งานก่อสร้าง,,,,,,,,,,,,,,,,,,,,,,,,,,,,,,,,,,,,,,,,,,,,,,,,,,,,,
4,ตู้เย็นเก็บเลือด 4 องศาเซลเซียส(Blood bank refrigerators) ขนาดความจุ1381 ลิตร จำนวน 1 ตู้,ค่าครุภัณฑ์ที่ดินและสิ่งก่อสร้าง, บริษัท จรัญเอสโซซิเอทส์ จำกัด ,2020-09-14," 539,900.00 ",10205070101,ครุภัณฑ์วิทยาศาสตร์และการแพทย์,20101010101,เจ้าหนี้ค่าสินค้าและบริการ,,,,,,,,,,,,,,,,,,,,,,,,,,,,,,,,,,,,,,,,,,,,,,,,,,,,,
5,ค่าธรรมเนียมการตรวจประเมินฯค่าตรวจรับรองระบบ GMP in Mass Catering,ค่าใช้สอย,อุตสาหกรรมพัฒนามูลนิธิเพื่อสถาบันอาหาร,2020-09-30," 15,000.00 ",50301020255,ค่าธรรมเนียมการต่ออายุใบอนุญาต/ค่าธรรมเนียมการตรวจประเมิน,20101010101,เจ้าหนี้ค่าสินค้าและบริการ,,,,,,,,,,,,,,,,,,,,,,,,,,,,,,,,,,,,,,,,,,,,,,,,,,,,,
6,ค่าตรวจรับรองระบบ HACCP (Hazard Analysis and Critical Control Point),ค่าใช้สอย,อุตสาหกรรมพัฒนามูลนิธิเพื่อสถาบันอาหาร,2020-09-30," 42,800.00 ",50301020255,ค่าธรรมเนียมการต่ออายุใบอนุญาต/ค่าธรรมเนียมการตรวจประเมิน,20101010101,เจ้าหนี้ค่าสินค้าและบริการ,,,,,,,,,,,,,,,,,,,,,,,,,,,,,,,,,,,,,,,,,,,,,,,,,,,,,
7,จ้างเหมาซ่อมเครื่องดมยาสลบ ชนิด 3 ก๊าซ,ค่าใช้สอย,บริษัท  เดรเกอร์  เมดิคัล(ประเทศไทย) จำกัด,2020-09-08," 59,920.00 ",50301020230,ค่าบำรุงรักษาและซ่อมแซมครุภัณฑ์ทางการแพทย์,20101010101,เจ้าหนี้ค่าสินค้าและบริการ,,,,,,,,,,,,,,,,,,,,,,,,,,,,,,,,,,,,,,,,,,,,,,,,,,,,,
8,จ้างเหมาซ่อมกล้องจุลทรรศน์ชนิดสเตอริโอ 2 กระบอก,ค่าใช้สอย,บริษัท ฮอลลรวู้ด อินเตอร์เนชั่นแนลท จำกัด,2020-09-04," 9,095.00 ",50301020230,ค่าบำรุงรักษาและซ่อมแซมครุภัณฑ์ทางการแพทย์,20101010101,เจ้าหนี้ค่าสินค้าและบริการ,,,,,,,,,,,,,,,,,,,,,,,,,,,,,,,,,,,,,,,,,,,,,,,,,,,,,
9,จ้างเหมาซ่อมกล้องส่องตรวจลำไส้เล็กส่วนต้นและท่อน้ำดีชนิดวีดีทัศน์,ค่าใช้สอย,บริษัท  โอลิมปัส (ประเทศไทย) จำกัด,2020-09-21," 231,500.92 ",50301020230,ค่าบำรุงรักษาและซ่อมแซมครุภัณฑ์ทางการแพทย์,20101010101,เจ้าหนี้ค่าสินค้าและบริการ,,,,,,,,,,,,,,,,,,,,,,,,,,,,,,,,,,,,,,,,,,,,,,,,,,,,,
10,จ้างเหมาบริการบำรุงรักษาและซ่อมแซมแก้ไขเครื่องเอกซเรย์ ยี่ห้อ ยีอี จำนวน 2 เครื่อง,ค่าใช่สอย,ยีอี เมดิคอล ซิสเต็มส์ (ประเทศไทย),2020-08-21," 160,000.00 ",50301020230,ค่าบำรุงรักษาและซ่อมแซมครุภัณฑ์ทางการแพทย์,20101010101,เจ้าหนี้ค่าสินค้าและบริการ,,,,,,,,,,,,,,,,,,,,,,,,,,,,,,,,,,,,,,,,,,,,,,,,,,,,,
11,จ้างเหมาบริการบำรุงรักษาและซ่อมแซมแก้ไขเครื่องวัดความหนาแน่นของกระดูก,ค่าใช่สอย,บีเจเอช เมดิคอล,2020-02-01," 25,000.00 ",50301020230,ค่าบำรุงรักษาและซ่อมแซมครุภัณฑ์ทางการแพทย์,20101010101,เจ้าหนี้ค่าสินค้าและบริการ,,,,,,,,,,,,,,,,,,,,,,,,,,,,,,,,,,,,,,,,,,,,,,,,,,,,,
12,จ้างเหมาบริการบำรุงรักษาและซ่อมแซมแก้ไขเครื่องวัดความหนาแน่นของกระดูก,ค่าใช่สอย,บีเจเอช เมดิคอล,2020-06-01," 25,000.00 ",50301020230,ค่าบำรุงรักษาและซ่อมแซมครุภัณฑ์ทางการแพทย์,20101010101,เจ้าหนี้ค่าสินค้าและบริการ,,,,,,,,,,,,,,,,,,,,,,,,,,,,,,,,,,,,,,,,,,,,,,,,,,,,,
13,จ้างเหมาบริการบำรุงรักษาและซ่อมแซมแก้ไขครุภัณฑ์ทางการแพทย์ของตึกผ่าตัดศัลยกรรมจำนวน 5 เครื่อง,ค่าใช้สอย,บจก.นำวิวัฒน์การช่าง (1992),2020-08-21," 144,113.31 ",50301020230,ค่าบำรุงรักษาและซ่อมแซมครุภัณฑ์ทางการแพทย์,20101010101,เจ้าหนี้ค่าสินค้าและบริการ,,,,,,,,,,,,,,,,,,,,,,,,,,,,,,,,,,,,,,,,,,,,,,,,,,,,,
14,จ้างเหมาบริการบำรุงรักษาและซ่อมแซมแก้ไขเครื่องพยุงการทำงานของหัวใจ จำนวน 3 เครื่อง,ค่าใช้สอย,บจก.ไอดีเอส ซิสเต็มส์ (ประเทศไทย),2020-06-30," 120,000.00 ",50301020230,ค่าบำรุงรักษาและซ่อมแซมครุภัณฑ์ทางการแพทย์,20101010101,เจ้าหนี้ค่าสินค้าและบริการ,,,,,,,,,,,,,,,,,,,,,,,,,,,,,,,,,,,,,,,,,,,,,,,,,,,,,
15,จ้างเหมาบริการบำรุงรักษาและซ่อมแซมแก้ไขเครื่องทดสอบสมรรถภาพหัวใจขณะออกกำลังกาย จำนวน 1 เครื่อง,ค่าใช้สอย,บจก.เซนต์เมด,2020-06-30," 31,666.66 ",50301020230,ค่าบำรุงรักษาและซ่อมแซมครุภัณฑ์ทางการแพทย์,20101010101,เจ้าหนี้ค่าสินค้าและบริการ,,,,,,,,,,,,,,,,,,,,,,,,,,,,,,,,,,,,,,,,,,,,,,,,,,,,,
16,จ้างเหมาบริการบำรุงรักษาและซ่อมแซมแก้ไขเครื่องทดสอบสมรรถภาพหัวใจขณะออกกำลังกาย จำนวน 1 เครื่อง,ค่าใช้สอย,บจก.เซนต์เมด,2020-02-28," 31,666.66 ",50301020230,ค่าบำรุงรักษาและซ่อมแซมครุภัณฑ์ทางการแพทย์,20101010101,เจ้าหนี้ค่าสินค้าและบริการ,,,,,,,,,,,,,,,,,,,,,,,,,,,,,,,,,,,,,,,,,,,,,,,,,,,,,
17,จ้างเหมาซ่อมเครื่องถ่ายเอกสารระบบดิจิตอล ขาว ดำ,ค่าใช้สอย,บริษัท ฟู่ฟ่า โซลูชั่น จำกัด,2020-09-01," 4,066.00 ",50301020253,ค่าบำรุงรักษาซ่อมแซมครุภัณฑ์ และทรัพย์สิน,20101010101,เจ้าหนี้ค่าสินค้าและบริการ,,,,,,,,,,,,,,,,,,,,,,,,,,,,,,,,,,,,,,,,,,,,,,,,,,,,,
18,จ้างเหมาเปลี่ยนชุดควบคุมประตูไฟฟ้าอัตโนมัติ,ค่าใช้สอย,บริษัท ธนูเทพ จก.,2020-09-09," 15,194.00 ",50301020253,ค่าบำรุงรักษาซ่อมแซมครุภัณฑ์ และทรัพย์สิน,20101010101,เจ้าหนี้ค่าสินค้าและบริการ,,,,,,,,,,,,,,,,,,,,,,,,,,,,,,,,,,,,,,,,,,,,,,,,,,,,,
19,จ้างเหมาบริการเก็บขนและกำจัดมูลฝอยผลิตภัณฑ์เคมีบำบัดและสารเคมี,ค่าใช้สอย,บจก.เอส ซี ไอ อีโค่ เซอร์วิสเซส,2020-09-01," 79,153.27 ", 50301020209 ,ค่าจ้างเหมาบริการ (กำจัดปลวก กำจัดขยะฯ),20101010101,เจ้าหนี้ค่าสินค้าและบริการ,,,,,,,,,,,,,,,,,,,,,,,,,,,,,,,,,,,,,,,,,,,,,,,,,,,,,
20,"จ้างเหมาบริการการตรวจวินิจฉัยด้วยเครื่องเอกซเรย์คอมพิวเตอร์ (5 ปี=161,000,000.-บาท)",โครงการต่อเนื่อง,บจก.เอ๊กซ์เรย์คอมพิวเตอร์อุรุพงษ์,2020-09-10," 3,366,535.31 ", 50301020209 ,ค่าจ้างเหมาบริการ (กำจัดปลวก กำจัดขยะฯ),20101010101,เจ้าหนี้ค่าสินค้าและบริการ,,,,,,,,,,,,,,,,,,,,,,,,,,,,,,,,,,,,,,,,,,,,,,,,,,,,,
21,จ้างเหมาตรวจสอบประสิทธิภาพการทำงานระบบไฟฟ้า จำนวน 1 งาน,ค่าใช้สอย,บจก.ไซด์ไลน์วิศวกรรม(2002),2020-08-25," 496,480.00 ", 50301020209 ,ค่าจ้างเหมาบริการ (กำจัดปลวก กำจัดขยะฯ),20101010101,เจ้าหนี้ค่าสินค้าและบริการ,,,,,,,,,,,,,,,,,,,,,,,,,,,,,,,,,,,,,,,,,,,,,,,,,,,,,
22,จัดซื้อวัสดุงานช่าง จำนวน 1 รายการ,ค่าวัสดุ,บริษัท มิตซูบิชิ เอลเลเวเตอร์ประเทศไทย จำกัด,2020-08-28," 16,050.00 ",50301020322,ค่าวัสดุไฟฟ้า ประปา งานบ้าน งานก่อสร้าง งานครัว และงานสวน,20101010101,เจ้าหนี้ค่าสินค้าและบริการ,,,,,,,,,,,,,,,,,,,,,,,,,,,,,,,,,,,,,,,,,,,,,,,,,,,,,
23,"จัดซื้อสบู่เหลวพร้อมใช้ (ฃนิดหัวปั๊ม)จำนวน 4,800 ขวด",ค่าวัสดุ,บริษัท โพส เฮลท์แคร์ จำกัด,2020-09-14," 40,000.00 ",50301020322,ค่าวัสดุไฟฟ้า ประปา งานบ้าน งานก่อสร้าง งานครัว และงานสวน,20101010101,เจ้าหนี้ค่าสินค้าและบริการ,,,,,,,,,,,,,,,,,,,,,,,,,,,,,,,,,,,,,,,,,,,,,,,,,,,,,
24,"จัดซื้อกระป๋องทิ้งของแหลมคม ขนาด 5x7 นิ้ว จำนวน 10,000 ใบ ",ค่าวัสดุ,บริษัท ชินเมดิคอล จำกัด,2020-09-11," 19,200.00 ",50301020322,ค่าวัสดุไฟฟ้า ประปา งานบ้าน งานก่อสร้าง งานครัว และงานสวน,20101010101,เจ้าหนี้ค่าสินค้าและบริการ,,,,,,,,,,,,,,,,,,,,,,,,,,,,,,,,,,,,,,,,,,,,,,,,,,,,,
25,จัดซื้อวัสดุงานบ้านงานครัวกระดาษชำระ จำนวน 2 รายการ,ค่าวัสดุ,บริษัท วินโปรฟิทส์ จำกัด,2020-09-15," 43,002.00 ",50301020322,ค่าวัสดุไฟฟ้า ประปา งานบ้าน งานก่อสร้าง งานครัว และงานสวน,20101010101,เจ้าหนี้ค่าสินค้าและบริการ,,,,,,,,,,,,,,,,,,,,,,,,,,,,,,,,,,,,,,,,,,,,,,,,,,,,,
26,"จัดซื้อน้ำมันดีเซลหมุนเร็ว 16,000 ลิตร",ค่าวัสดุ,บริษัท ปตท จำกัด (มหาชน),2020-08-31," 177,020.80 ",50301020301,ค่าวัสดุน้ำมันเชื้อเพลิงและหล่อลื่น,20101010101,เจ้าหนี้ค่าสินค้าและบริการ,,,,,,,,,,,,,,,,,,,,,,,,,,,,,,,,,,,,,,,,,,,,,,,,,,,,,
27,"จัดซื้อน้ำมันดีเซลหมุนเร็ว 16,000 ลิตร",ค่าวัสดุ,บริษัท ปตท จำกัด (มหาชน),2020-08-14," 177,020.80 ",50301020301,ค่าวัสดุน้ำมันเชื้อเพลิงและหล่อลื่น,20101010101,เจ้าหนี้ค่าสินค้าและบริการ,,,,,,,,,,,,,,,,,,,,,,,,,,,,,,,,,,,,,,,,,,,,,,,,,,,,,
28,จ้างเหมาพิมพ์สติ๊กเกอร์ติดซองยา จำนวน 1 รายการ,ค่าวัสดุ,บจก.ซิสเต็ม เอส,2020-08-27," 155,150.00 ",50301020302,ค่าวัสดุสำนักงาน,20101010101,เจ้าหนี้ค่าสินค้าและบริการ,,,,,,,,,,,,,,,,,,,,,,,,,,,,,,,,,,,,,,,,,,,,,,,,,,,,,
29,จัดซื้อเพลารถเข็นเวชภัณฑ์ขับเคลื่อนที่ด้วยระบบไฟฟ้า จำนวน 1 ชุด,ค่าวัสดุ,บริษัท ซิลลิค ฟาร์มา จำกัด,2020-09-11," 19,260.00 ",50301020309,ค่าวัสดุวิทยาศาสตร์ทางการแพทย์และวัสดุเคมี,20101010101,เจ้าหนี้ค่าสินค้าและบริการ,,,,,,,,,,,,,,,,,,,,,,,,,,,,,,,,,,,,,,,,,,,,,,,,,,,,,
30,จัดซื้ออุปกรณ์ผ่าตัดผ่านกล้องโพรงมดลูก (Hysteroscopy) จำนวน 17 รายการ,ค่าวัสดุ,บริษัท บีเจเอช เมดิคอล จำกัด,2020-09-11," 660,000.00 ",50301020309,ค่าวัสดุวิทยาศาสตร์ทางการแพทย์และวัสดุเคมี,20101010101,เจ้าหนี้ค่าสินค้าและบริการ,,,,,,,,,,,,,,,,,,,,,,,,,,,,,,,,,,,,,,,,,,,,,,,,,,,,,
31,แบตเตอรี่สำหรับเครื่องวัดสัญญาณชีพผู้ป่วย 2 รายการ,วัสดุ,บริษัท โซวิค จำกัด,2020-09-03," 1,627,500.00 ",50301020309,ค่าวัสดุวิทยาศาสตร์ทางการแพทย์และวัสดุเคมี,20101010101,เจ้าหนี้ค่าสินค้าและบริการ,,,,,,,,,,,,,,,,,,,,,,,,,,,,,,,,,,,,,,,,,,,,,,,,,,,,,
32,อุปกรณ์ผ่าตัดปอดภายใต้กล้องส่องตรวจ 9 รายการ,วัสดุ,บริษัท ฟิวเจอร์ เมดิคอล ซัพพลาย จำกัด,2020-09-09," 780,000.00 ",50301020309,ค่าวัสดุวิทยาศาสตร์ทางการแพทย์และวัสดุเคมี,20101010101,เจ้าหนี้ค่าสินค้าและบริการ,,,,,,,,,,,,,,,,,,,,,,,,,,,,,,,,,,,,,,,,,,,,,,,,,,,,,
33, ใบสั่งซื้อ 1C194-01/2563, ค่าวัสดุ, บริษัท ซิลลิค ฟาร์มา จำกัด,2020-03-06," 305,300.00 ",50301020309,ค่าวัสดุวิทยาศาสตร์ทางการแพทย์และวัสดุเคมี,20101010101,เจ้าหนี้ค่าสินค้าและบริการ,,,,,,,,,,,,,,,,,,,,,,,,,,,,,,,,,,,,,,,,,,,,,,,,,,,,,
34, ใบสั่งซื้อ 1C194-02/2563, ค่าวัสดุ, บริษัท ซิลลิค ฟาร์มา จำกัด,2020-03-13," 105,000.00 ",50301020309,ค่าวัสดุวิทยาศาสตร์ทางการแพทย์และวัสดุเคมี,20101010101,เจ้าหนี้ค่าสินค้าและบริการ,,,,,,,,,,,,,,,,,,,,,,,,,,,,,,,,,,,,,,,,,,,,,,,,,,,,,
35, ใบสั่งซื้อ 1C194-03/2563, ค่าวัสดุ, บริษัท ซิลลิค ฟาร์มา จำกัด,2020-03-23," 125,200.00 ",50301020309,ค่าวัสดุวิทยาศาสตร์ทางการแพทย์และวัสดุเคมี,20101010101,เจ้าหนี้ค่าสินค้าและบริการ,,,,,,,,,,,,,,,,,,,,,,,,,,,,,,,,,,,,,,,,,,,,,,,,,,,,,
36, ใบสั่งซื้อ 1C194-04/2563, ค่าวัสดุ, บริษัท ซิลลิค ฟาร์มา จำกัด,2020-05-22," 57,000.00 ",50301020309,ค่าวัสดุวิทยาศาสตร์ทางการแพทย์และวัสดุเคมี,20101010101,เจ้าหนี้ค่าสินค้าและบริการ,,,,,,,,,,,,,,,,,,,,,,,,,,,,,,,,,,,,,,,,,,,,,,,,,,,,,
37, ใบสั่งซื้อ 1C194-05/2563, ค่าวัสดุ, บริษัท ซิลลิค ฟาร์มา จำกัด,2020-06-22," 106,200.00 ",50301020309,ค่าวัสดุวิทยาศาสตร์ทางการแพทย์และวัสดุเคมี,20101010101,เจ้าหนี้ค่าสินค้าและบริการ,,,,,,,,,,,,,,,,,,,,,,,,,,,,,,,,,,,,,,,,,,,,,,,,,,,,,
38, ใบสั่งซื้อ 1C194-06/2563, ค่าวัสดุ, บริษัท ซิลลิค ฟาร์มา จำกัด,2020-07-17," 155,100.00 ",50301020309,ค่าวัสดุวิทยาศาสตร์ทางการแพทย์และวัสดุเคมี,20101010101,เจ้าหนี้ค่าสินค้าและบริการ,,,,,,,,,,,,,,,,,,,,,,,,,,,,,,,,,,,,,,,,,,,,,,,,,,,,,
39, ใบสั่งซื้อ 1C194-07/2563, ค่าวัสดุ, บริษัท ซิลลิค ฟาร์มา จำกัด,2020-08-28," 72,100.00 ",50301020309,ค่าวัสดุวิทยาศาสตร์ทางการแพทย์และวัสดุเคมี,20101010101,เจ้าหนี้ค่าสินค้าและบริการ,,,,,,,,,,,,,,,,,,,,,,,,,,,,,,,,,,,,,,,,,,,,,,,,,,,,,
40, ใบสั่งซื้อ 1C194-08/2563, ค่าวัสดุ, บริษัท ซิลลิค ฟาร์มา จำกัด,2020-09-25," 153,000.00 ",50301020309,ค่าวัสดุวิทยาศาสตร์ทางการแพทย์และวัสดุเคมี,20101010101,เจ้าหนี้ค่าสินค้าและบริการ,,,,,,,,,,,,,,,,,,,,,,,,,,,,,,,,,,,,,,,,,,,,,,,,,,,,,
41, ใบสั่งซื้อ 1C195-02/2563, ค่าวัสดุ, บริษัท กรุงเทพอินเตอร์โปรดักส์ จำกัด,2020-03-20," 13,920.00 ",50301020309,ค่าวัสดุวิทยาศาสตร์ทางการแพทย์และวัสดุเคมี,20101010101,เจ้าหนี้ค่าสินค้าและบริการ,,,,,,,,,,,,,,,,,,,,,,,,,,,,,,,,,,,,,,,,,,,,,,,,,,,,,
42, ใบสั่งซื้อ 1C195-03/2563, ค่าวัสดุ, บริษัท กรุงเทพอินเตอร์โปรดักส์ จำกัด,2020-06-19," 13,920.00 ",50301020309,ค่าวัสดุวิทยาศาสตร์ทางการแพทย์และวัสดุเคมี,20101010101,เจ้าหนี้ค่าสินค้าและบริการ,,,,,,,,,,,,,,,,,,,,,,,,,,,,,,,,,,,,,,,,,,,,,,,,,,,,,
43, ใบสั่งซื้อ 1C195-04/2563, ค่าวัสดุ, บริษัท กรุงเทพอินเตอร์โปรดักส์ จำกัด,2020-07-18," 16,240.00 ",50301020309,ค่าวัสดุวิทยาศาสตร์ทางการแพทย์และวัสดุเคมี,20101010101,เจ้าหนี้ค่าสินค้าและบริการ,,,,,,,,,,,,,,,,,,,,,,,,,,,,,,,,,,,,,,,,,,,,,,,,,,,,,
44, ใบสั่งซื้อ 1C219-01/2563, ค่าวัสดุ, บริษัท กรุงเทพอินเตอร์โปรดักส์ จำกัด,2020-03-23," 48,050.00 ",50301020309,ค่าวัสดุวิทยาศาสตร์ทางการแพทย์และวัสดุเคมี,20101010101,เจ้าหนี้ค่าสินค้าและบริการ,,,,,,,,,,,,,,,,,,,,,,,,,,,,,,,,,,,,,,,,,,,,,,,,,,,,,
45, ใบสั่งซื้อ 1C219-02/2563, ค่าวัสดุ, บริษัท กรุงเทพอินเตอร์โปรดักส์ จำกัด,2020-06-26," 51,950.00 ",50301020309,ค่าวัสดุวิทยาศาสตร์ทางการแพทย์และวัสดุเคมี,20101010101,เจ้าหนี้ค่าสินค้าและบริการ,,,,,,,,,,,,,,,,,,,,,,,,,,,,,,,,,,,,,,,,,,,,,,,,,,,,,
46, ใบสั่งซื้อ 1C219-03/2563, ค่าวัสดุ, บริษัท กรุงเทพอินเตอร์โปรดักส์ จำกัด,2020-09-01," 78,950.00 ",50301020309,ค่าวัสดุวิทยาศาสตร์ทางการแพทย์และวัสดุเคมี,20101010101,เจ้าหนี้ค่าสินค้าและบริการ,,,,,,,,,,,,,,,,,,,,,,,,,,,,,,,,,,,,,,,,,,,,,,,,,,,,,
47, ใบสั่งซื้อ 1C224-02/2563, ค่าวัสดุ, บริษัท เมดิทอป จำกัด,2020-06-22," 1,240,000.00 ",50301020309,ค่าวัสดุวิทยาศาสตร์ทางการแพทย์และวัสดุเคมี,20101010101,เจ้าหนี้ค่าสินค้าและบริการ,,,,,,,,,,,,,,,,,,,,,,,,,,,,,,,,,,,,,,,,,,,,,,,,,,,,,
48, ใบสั่งซื้อ 1C224-03/2563, ค่าวัสดุ, บริษัท เมดิทอป จำกัด,2020-07-24," 1,085,000.00 ",50301020309,ค่าวัสดุวิทยาศาสตร์ทางการแพทย์และวัสดุเคมี,20101010101,เจ้าหนี้ค่าสินค้าและบริการ,,,,,,,,,,,,,,,,,,,,,,,,,,,,,,,,,,,,,,,,,,,,,,,,,,,,,
49, ใบสั่งซื้อ 1C248-01/2563, ค่าวัสดุ, บริษัท ไบโอเมด ไดแอกนอสติกส์ (ประเทศไทย) จำกัด,2020-06-20," 716,472.00 ",50301020309,ค่าวัสดุวิทยาศาสตร์ทางการแพทย์และวัสดุเคมี,20101010101,เจ้าหนี้ค่าสินค้าและบริการ,,,,,,,,,,,,,,,,,,,,,,,,,,,,,,,,,,,,,,,,,,,,,,,,,,,,,
50, ใบสั่งซื้อ 1C248-02/2563, ค่าวัสดุ, บริษัท ไบโอเมด ไดแอกนอสติกส์ (ประเทศไทย) จำกัด,2020-06-03," 598,344.00 ",50301020309,ค่าวัสดุวิทยาศาสตร์ทางการแพทย์และวัสดุเคมี,20101010101,เจ้าหนี้ค่าสินค้าและบริการ,,,,,,,,,,,,,,,,,,,,,,,,,,,,,,,,,,,,,,,,,,,,,,,,,,,,,
51, ใบสั่งซื้อ 1C248-03/2564, ค่าวัสดุ, บริษัท ไบโอเมด ไดแอกนอสติกส์ (ประเทศไทย) จำกัด,2020-09-01," 993,816.00 ",50301020309,ค่าวัสดุวิทยาศาสตร์ทางการแพทย์และวัสดุเคมี,20101010101,เจ้าหนี้ค่าสินค้าและบริการ,,,,,,,,,,,,,,,,,,,,,,,,,,,,,,,,,,,,,,,,,,,,,,,,,,,,,
52, ใบสั่งซื้อ 1C253-01/2563, ค่าวัสดุ, บริษัท วายดี ไดซ์นอสติคส์ (ประเทศไทย) จำกัด,2020-04-16," 49,000.30 ",50301020309,ค่าวัสดุวิทยาศาสตร์ทางการแพทย์และวัสดุเคมี,20101010101,เจ้าหนี้ค่าสินค้าและบริการ,,,,,,,,,,,,,,,,,,,,,,,,,,,,,,,,,,,,,,,,,,,,,,,,,,,,,
53, ใบสั่งซื้อ 1C253-02/2564, ค่าวัสดุ, บริษัท วายดี ไดซ์นอสติคส์ (ประเทศไทย) จำกัด,2020-07-17," 124,417.30 ",50301020309,ค่าวัสดุวิทยาศาสตร์ทางการแพทย์และวัสดุเคมี,20101010101,เจ้าหนี้ค่าสินค้าและบริการ,,,,,,,,,,,,,,,,,,,,,,,,,,,,,,,,,,,,,,,,,,,,,,,,,,,,,
54, ใบสั่งซื้อ 1C258-01/2563, ค่าวัสดุ, บริษัท อี ฟอร์ แอล เอม จำกัด (มหาชน),2020-06-12," 532,600.00 ",50301020309,ค่าวัสดุวิทยาศาสตร์ทางการแพทย์และวัสดุเคมี,20101010101,เจ้าหนี้ค่าสินค้าและบริการ,,,,,,,,,,,,,,,,,,,,,,,,,,,,,,,,,,,,,,,,,,,,,,,,,,,,,
55, ใบสั่งซื้อ 1C259-01/2563, ค่าวัสดุ, บริษัท อี ฟอร์ แอล เอม จำกัด (มหาชน),2020-05-28," 826,492.32 ",50301020309,ค่าวัสดุวิทยาศาสตร์ทางการแพทย์และวัสดุเคมี,20101010101,เจ้าหนี้ค่าสินค้าและบริการ,,,,,,,,,,,,,,,,,,,,,,,,,,,,,,,,,,,,,,,,,,,,,,,,,,,,,
56, ใบสั่งซื้อ 1C259-02/2563, ค่าวัสดุ, บริษัท อี ฟอร์ แอล เอม จำกัด (มหาชน),2020-06-24," 591,725.76 ",50301020309,ค่าวัสดุวิทยาศาสตร์ทางการแพทย์และวัสดุเคมี,20101010101,เจ้าหนี้ค่าสินค้าและบริการ,,,,,,,,,,,,,,,,,,,,,,,,,,,,,,,,,,,,,,,,,,,,,,,,,,,,,
57, ใบสั่งซื้อ 1C300-01/2563, ค่าวัสดุ, ไอดีไอ (ประเทศไทย) จำกัด,2020-07-06," 399,000.00 ",50301020309,ค่าวัสดุวิทยาศาสตร์ทางการแพทย์และวัสดุเคมี,20101010101,เจ้าหนี้ค่าสินค้าและบริการ,,,,,,,,,,,,,,,,,,,,,,,,,,,,,,,,,,,,,,,,,,,,,,,,,,,,,
58, ใบสั่งซื้อ 1C300-02/2564, ค่าวัสดุ, ไอดีไอ (ประเทศไทย) จำกัด,2020-08-28," 76,000.00 ",50301020309,ค่าวัสดุวิทยาศาสตร์ทางการแพทย์และวัสดุเคมี,20101010101,เจ้าหนี้ค่าสินค้าและบริการ,,,,,,,,,,,,,,,,,,,,,,,,,,,,,,,,,,,,,,,,,,,,,,,,,,,,,
59, ใบสั่งซื้อ 1C380-01/2563, ค่าวัสดุ, บริษัท โปรเฟสชั่นแนลนาโนเมด จำกัด,2020-09-29," 510,370.00 ",50301020309,ค่าวัสดุวิทยาศาสตร์ทางการแพทย์และวัสดุเคมี,20101010101,เจ้าหนี้ค่าสินค้าและบริการ,,,,,,,,,,,,,,,,,,,,,,,,,,,,,,,,,,,,,,,,,,,,,,,,,,,,,
60,ใบสั่งซื้อ 0603/63, ค่าวัสดุ,บริษัท กรุงเทพอินเตอร์โปรดักส์ จำกัด,2020-07-23," 616,000.00 ",50301020309,ค่าวัสดุวิทยาศาสตร์ทางการแพทย์และวัสดุเคมี,20101010101,เจ้าหนี้ค่าสินค้าและบริการ,,,,,,,,,,,,,,,,,,,,,,,,,,,,,,,,,,,,,,,,,,,,,,,,,,,,,
61,ใบสั่งซื้อ 0619/63, ค่าวัสดุ,บริษัท เซสท์-เมด จำกัด,2020-07-04," 35,310.00 ",50301020309,ค่าวัสดุวิทยาศาสตร์ทางการแพทย์และวัสดุเคมี,20101010101,เจ้าหนี้ค่าสินค้าและบริการ,,,,,,,,,,,,,,,,,,,,,,,,,,,,,,,,,,,,,,,,,,,,,,,,,,,,,
62,ใบสั่งซื้อ 0626/63, ค่าวัสดุ,ห้างหุ้นส่วนจำกัด คลีนิคอลไดแอกโนสติคส์,2020-08-14," 493,390.00 ",50301020309,ค่าวัสดุวิทยาศาสตร์ทางการแพทย์และวัสดุเคมี,20101010101,เจ้าหนี้ค่าสินค้าและบริการ,,,,,,,,,,,,,,,,,,,,,,,,,,,,,,,,,,,,,,,,,,,,,,,,,,,,,
63,ใบสั่งซื้อ 0633/63, ค่าวัสดุ,บริษัท ดีเคเอสเอช (ประเทศไทย) จำกัด,2020-08-05," 45,000.00 ",50301020309,ค่าวัสดุวิทยาศาสตร์ทางการแพทย์และวัสดุเคมี,20101010101,เจ้าหนี้ค่าสินค้าและบริการ,,,,,,,,,,,,,,,,,,,,,,,,,,,,,,,,,,,,,,,,,,,,,,,,,,,,,
64,ใบสั่งซื้อ 0638/63, ค่าวัสดุ,บริษัท แล็บมาสเตอร์ แอ๊ดวานซ์ จำกัด,2020-08-13," 99,750.00 ",50301020309,ค่าวัสดุวิทยาศาสตร์ทางการแพทย์และวัสดุเคมี,20101010101,เจ้าหนี้ค่าสินค้าและบริการ,,,,,,,,,,,,,,,,,,,,,,,,,,,,,,,,,,,,,,,,,,,,,,,,,,,,,
65,ใบสั่งซื้อ 0644/63, ค่าวัสดุ,บริษัท ไบโอมีเดีย (ประเทศไทย) จำกัด,2020-08-13," 486,000.00 ",50301020309,ค่าวัสดุวิทยาศาสตร์ทางการแพทย์และวัสดุเคมี,20101010101,เจ้าหนี้ค่าสินค้าและบริการ,,,,,,,,,,,,,,,,,,,,,,,,,,,,,,,,,,,,,,,,,,,,,,,,,,,,,
66,ใบสั่งซื้อ 0666/63, ค่าวัสดุ,บริษัท ซิลลิค ฟาร์มา จำกัด,2020-08-14," 1,027.50 ",50301020309,ค่าวัสดุวิทยาศาสตร์ทางการแพทย์และวัสดุเคมี,20101010101,เจ้าหนี้ค่าสินค้าและบริการ,,,,,,,,,,,,,,,,,,,,,,,,,,,,,,,,,,,,,,,,,,,,,,,,,,,,,
67,สัญญา 5C225-01/2563, โครงการต่อเนื่อง โครงการจัดซื้อน้ำยาชันสูตรฯ 5 ปี (2563-2567), บริษัท ดีเคเอสเอช (ประเทศไทย) จำกัด,2020-05-08," 2,808,364.80 ",50301020309,ค่าวัสดุวิทยาศาสตร์ทางการแพทย์และวัสดุเคมี,20101010101,เจ้าหนี้ค่าสินค้าและบริการ,,,,,,,,,,,,,,,,,,,,,,,,,,,,,,,,,,,,,,,,,,,,,,,,,,,,,
68,สัญญา 5C225-02/2563, โครงการต่อเนื่อง โครงการจัดซื้อน้ำยาชันสูตรฯ 5 ปี (2563-2567), บริษัท ดีเคเอสเอช (ประเทศไทย) จำกัด,2020-05-22," 3,535,697.30 ",50301020309,ค่าวัสดุวิทยาศาสตร์ทางการแพทย์และวัสดุเคมี,20101010101,เจ้าหนี้ค่าสินค้าและบริการ,,,,,,,,,,,,,,,,,,,,,,,,,,,,,,,,,,,,,,,,,,,,,,,,,,,,,
69,สัญญา 5C225-03/2563, โครงการต่อเนื่อง โครงการจัดซื้อน้ำยาชันสูตรฯ 5 ปี (2563-2567), บริษัท ดีเคเอสเอช (ประเทศไทย) จำกัด,2020-06-26," 10,758,921.20 ",50301020309,ค่าวัสดุวิทยาศาสตร์ทางการแพทย์และวัสดุเคมี,20101010101,เจ้าหนี้ค่าสินค้าและบริการ,,,,,,,,,,,,,,,,,,,,,,,,,,,,,,,,,,,,,,,,,,,,,,,,,,,,,
70,สัญญา 5C225-04/2563, โครงการต่อเนื่อง โครงการจัดซื้อน้ำยาชันสูตรฯ 5 ปี (2563-2567), บริษัท ดีเคเอสเอช (ประเทศไทย) จำกัด,2020-08-11," 3,770,038.00 ",50301020309,ค่าวัสดุวิทยาศาสตร์ทางการแพทย์และวัสดุเคมี,20101010101,เจ้าหนี้ค่าสินค้าและบริการ,,,,,,,,,,,,,,,,,,,,,,,,,,,,,,,,,,,,,,,,,,,,,,,,,,,,,
71,โครงการฯ คณะแพทยศาสตร์ฯ พวช.ภ.0302/63-65,โครงการต่อเนื่อง,บริษัท โอสถ อินเตอร์แลบบอราตอรีส์ จำกัด,2020-09-16," 100,000.00 ",50301020321,ค่ายาและเวชภัณฑ์ อวัยวะเทียม,20101010101,เจ้าหนี้ค่าสินค้าและบริการ,,,,,,,,,,,,,,,,,,,,,,,,,,,,,,,,,,,,,,,,,,,,,,,,,,,,,
72,โครงการฯ คณะแพทยศาสตร์ฯ พวช.ภ.0303/63-65,โครงการต่อเนื่อง,บริษัท ดีเคเอสเอช (ประเทศไทย) จำกัด,2020-08-18," 22,159.70 ",50301020321,ค่ายาและเวชภัณฑ์ อวัยวะเทียม,20101010101,เจ้าหนี้ค่าสินค้าและบริการ,,,,,,,,,,,,,,,,,,,,,,,,,,,,,,,,,,,,,,,,,,,,,,,,,,,,,
73,โครงการฯ คณะแพทยศาสตร์ฯ พวช.ภ.0304/63-65,โครงการต่อเนื่อง,บริษัท ซิลลิค ฟาร์มา จำกัด,2020-09-11," 355,680.00 ",50301020321,ค่ายาและเวชภัณฑ์ อวัยวะเทียม,20101010101,เจ้าหนี้ค่าสินค้าและบริการ,,,,,,,,,,,,,,,,,,,,,,,,,,,,,,,,,,,,,,,,,,,,,,,,,,,,,
74,โครงการฯ คณะแพทยศาสตร์ฯ พวช.ภ.0305/63-65,โครงการต่อเนื่อง,บริษัท บี.เอ็ล.เอช. เทร็ดดิ้ง จำกัด,2020-09-02," 24,652.80 ",50301020321,ค่ายาและเวชภัณฑ์ อวัยวะเทียม,20101010101,เจ้าหนี้ค่าสินค้าและบริการ,,,,,,,,,,,,,,,,,,,,,,,,,,,,,,,,,,,,,,,,,,,,,,,,,,,,,
75,โครงการฯ คณะแพทยศาสตร์ฯ พวช.ภ.0308/63-65,โครงการต่อเนื่อง,บริษัท ซิลลิค ฟาร์มา จำกัด,2020-09-09," 1,912,518.00 ",50301020321,ค่ายาและเวชภัณฑ์ อวัยวะเทียม,20101010101,เจ้าหนี้ค่าสินค้าและบริการ,,,,,,,,,,,,,,,,,,,,,,,,,,,,,,,,,,,,,,,,,,,,,,,,,,,,,
76,โครงการฯ คณะแพทยศาสตร์ฯ พวช.ภ.0309/63-65,โครงการต่อเนื่อง,บริษัท ซิลลิค ฟาร์มา จำกัด,2020-08-17," 24,396.00 ",50301020321,ค่ายาและเวชภัณฑ์ อวัยวะเทียม,20101010101,เจ้าหนี้ค่าสินค้าและบริการ,,,,,,,,,,,,,,,,,,,,,,,,,,,,,,,,,,,,,,,,,,,,,,,,,,,,,
77,โครงการฯ คณะแพทยศาสตร์ฯ พวช.ภ.0309/63-65,โครงการต่อเนื่อง,บริษัท ซิลลิค ฟาร์มา จำกัด,2020-09-09," 77,676.70 ",50301020321,ค่ายาและเวชภัณฑ์ อวัยวะเทียม,20101010101,เจ้าหนี้ค่าสินค้าและบริการ,,,,,,,,,,,,,,,,,,,,,,,,,,,,,,,,,,,,,,,,,,,,,,,,,,,,,
78,โครงการฯ คณะแพทยศาสตร์ฯ พวช.ภ.0310/63-65,โครงการต่อเนื่อง,บริษัท ดีเคเอสเอช (ประเทศไทย) จำกัด,2020-09-09," 16,148.44 ",50301020321,ค่ายาและเวชภัณฑ์ อวัยวะเทียม,20101010101,เจ้าหนี้ค่าสินค้าและบริการ,,,,,,,,,,,,,,,,,,,,,,,,,,,,,,,,,,,,,,,,,,,,,,,,,,,,,
79,โครงการฯ คณะแพทยศาสตร์ฯ พวช.ภ.0312/63-65,โครงการต่อเนื่อง,บริษัท ดีเคเอสเอช (ประเทศไทย) จำกัด,2020-09-09," 509,600.00 ",50301020321,ค่ายาและเวชภัณฑ์ อวัยวะเทียม,20101010101,เจ้าหนี้ค่าสินค้าและบริการ,,,,,,,,,,,,,,,,,,,,,,,,,,,,,,,,,,,,,,,,,,,,,,,,,,,,,
80,โครงการฯ คณะแพทยศาสตร์ฯ พวช.ภ.0313/63-65,โครงการต่อเนื่อง,บริษัท ดีเคเอสเอช (ประเทศไทย) จำกัด,2020-09-09," 410,880.00 ",50301020321,ค่ายาและเวชภัณฑ์ อวัยวะเทียม,20101010101,เจ้าหนี้ค่าสินค้าและบริการ,,,,,,,,,,,,,,,,,,,,,,,,,,,,,,,,,,,,,,,,,,,,,,,,,,,,,
81,โครงการฯ คณะแพทยศาสตร์ฯ พวช.ภ.0314/63-65,โครงการต่อเนื่อง,บริษัท ดีเคเอสเอช (ประเทศไทย) จำกัด,2020-08-31," 12,375.00 ",50301020321,ค่ายาและเวชภัณฑ์ อวัยวะเทียม,20101010101,เจ้าหนี้ค่าสินค้าและบริการ,,,,,,,,,,,,,,,,,,,,,,,,,,,,,,,,,,,,,,,,,,,,,,,,,,,,,
82,โครงการฯ คณะแพทยศาสตร์ฯ พวช.ภ.0315/63-65,โครงการต่อเนื่อง,บริษัท เบอร์ลิน ฟาร์มาซูติคอลอินดัสตรี้ จำกัด,2020-09-11," 640,000.00 ",50301020321,ค่ายาและเวชภัณฑ์ อวัยวะเทียม,20101010101,เจ้าหนี้ค่าสินค้าและบริการ,,,,,,,,,,,,,,,,,,,,,,,,,,,,,,,,,,,,,,,,,,,,,,,,,,,,,
83,โครงการฯ คณะแพทยศาสตร์ฯ พวช.ภ.0316/63-65,โครงการต่อเนื่อง,บริษัท ดีเคเอสเอช (ประเทศไทย) จำกัด,2020-08-28," 802,500.00 ",50301020321,ค่ายาและเวชภัณฑ์ อวัยวะเทียม,20101010101,เจ้าหนี้ค่าสินค้าและบริการ,,,,,,,,,,,,,,,,,,,,,,,,,,,,,,,,,,,,,,,,,,,,,,,,,,,,,
84,โครงการฯ คณะแพทยศาสตร์ฯ พวช.ภ.0317/63-65,โครงการต่อเนื่อง,บริษัท ซิลลิค ฟาร์มา จำกัด,2020-08-14," 139,180.00 ",50301020321,ค่ายาและเวชภัณฑ์ อวัยวะเทียม,20101010101,เจ้าหนี้ค่าสินค้าและบริการ,,,,,,,,,,,,,,,,,,,,,,,,,,,,,,,,,,,,,,,,,,,,,,,,,,,,,
85,โครงการฯ คณะแพทยศาสตร์ฯ พวช.ภ.0317/63-65,โครงการต่อเนื่อง,บริษัท ซิลลิค ฟาร์มา จำกัด,2020-09-09," 347,950.00 ",50301020321,ค่ายาและเวชภัณฑ์ อวัยวะเทียม,20101010101,เจ้าหนี้ค่าสินค้าและบริการ,,,,,,,,,,,,,,,,,,,,,,,,,,,,,,,,,,,,,,,,,,,,,,,,,,,,,
86,โครงการฯ คณะแพทยศาสตร์ฯ พวช.ภ.0318/63-65,โครงการต่อเนื่อง,สภากาชาดไทย,2020-09-08," 411,200.00 ",50301020321,ค่ายาและเวชภัณฑ์ อวัยวะเทียม,20101010101,เจ้าหนี้ค่าสินค้าและบริการ,,,,,,,,,,,,,,,,,,,,,,,,,,,,,,,,,,,,,,,,,,,,,,,,,,,,,
87,โครงการฯ คณะแพทยศาสตร์ฯ พวช.ภ.0319/63-65,โครงการต่อเนื่อง,บริษัท ไวทอล เมด จำกัด,2020-08-20," 147,660.00 ",50301020321,ค่ายาและเวชภัณฑ์ อวัยวะเทียม,20101010101,เจ้าหนี้ค่าสินค้าและบริการ,,,,,,,,,,,,,,,,,,,,,,,,,,,,,,,,,,,,,,,,,,,,,,,,,,,,,
88,โครงการฯ คณะแพทยศาสตร์ฯ พวช.ภ.0319/63-65,โครงการต่อเนื่อง,บริษัท ไวทอล เมด จำกัด,2020-09-15," 393,760.00 ",50301020321,ค่ายาและเวชภัณฑ์ อวัยวะเทียม,20101010101,เจ้าหนี้ค่าสินค้าและบริการ,,,,,,,,,,,,,,,,,,,,,,,,,,,,,,,,,,,,,,,,,,,,,,,,,,,,,
89,โครงการฯ คณะแพทยศาสตร์ฯ พวช.ภ.0320/63-65,โครงการต่อเนื่อง,บริษัท ดีเคเอสเอช (ประเทศไทย) จำกัด,2020-08-14," 85,600.00 ",50301020321,ค่ายาและเวชภัณฑ์ อวัยวะเทียม,20101010101,เจ้าหนี้ค่าสินค้าและบริการ,,,,,,,,,,,,,,,,,,,,,,,,,,,,,,,,,,,,,,,,,,,,,,,,,,,,,
90,โครงการฯ คณะแพทยศาสตร์ฯ พวช.ภ.0320/63-65,โครงการต่อเนื่อง,บริษัท ดีเคเอสเอช (ประเทศไทย) จำกัด,2020-08-25," 141,967.60 ",50301020321,ค่ายาและเวชภัณฑ์ อวัยวะเทียม,20101010101,เจ้าหนี้ค่าสินค้าและบริการ,,,,,,,,,,,,,,,,,,,,,,,,,,,,,,,,,,,,,,,,,,,,,,,,,,,,,
91,โครงการฯ คณะแพทยศาสตร์ฯ พวช.ภ.0320/63-65,โครงการต่อเนื่อง,บริษัท ดีเคเอสเอช (ประเทศไทย) จำกัด,2020-09-14," 441,910.00 ",50301020321,ค่ายาและเวชภัณฑ์ อวัยวะเทียม,20101010101,เจ้าหนี้ค่าสินค้าและบริการ,,,,,,,,,,,,,,,,,,,,,,,,,,,,,,,,,,,,,,,,,,,,,,,,,,,,,
92,โครงการฯ คณะแพทยศาสตร์ฯ พวช.ภ.0321/63-65,โครงการต่อเนื่อง,บริษัท ซิลลิค ฟาร์มา จำกัด,2020-08-14," 29,403.60 ",50301020321,ค่ายาและเวชภัณฑ์ อวัยวะเทียม,20101010101,เจ้าหนี้ค่าสินค้าและบริการ,,,,,,,,,,,,,,,,,,,,,,,,,,,,,,,,,,,,,,,,,,,,,,,,,,,,,
93,โครงการฯ คณะแพทยศาสตร์ฯ พวช.ภ.0321/63-65,โครงการต่อเนื่อง,บริษัท ซิลลิค ฟาร์มา จำกัด,2020-08-24," 55,426.00 ",50301020321,ค่ายาและเวชภัณฑ์ อวัยวะเทียม,20101010101,เจ้าหนี้ค่าสินค้าและบริการ,,,,,,,,,,,,,,,,,,,,,,,,,,,,,,,,,,,,,,,,,,,,,,,,,,,,,
94,โครงการฯ คณะแพทยศาสตร์ฯ พวช.ภ.0322/63-65,โครงการต่อเนื่อง,บริษัท ซิลลิค ฟาร์มา จำกัด,2020-09-03," 887,565.00 ",50301020321,ค่ายาและเวชภัณฑ์ อวัยวะเทียม,20101010101,เจ้าหนี้ค่าสินค้าและบริการ,,,,,,,,,,,,,,,,,,,,,,,,,,,,,,,,,,,,,,,,,,,,,,,,,,,,,
95,โครงการฯ คณะแพทยศาสตร์ฯ พวช.ภ.0323/63-65,โครงการต่อเนื่อง,บริษัท ซิลลิค ฟาร์มา จำกัด,2020-08-31," 83,460.00 ",50301020321,ค่ายาและเวชภัณฑ์ อวัยวะเทียม,20101010101,เจ้าหนี้ค่าสินค้าและบริการ,,,,,,,,,,,,,,,,,,,,,,,,,,,,,,,,,,,,,,,,,,,,,,,,,,,,,
96,โครงการฯ คณะแพทยศาสตร์ฯ พวช.ภ.0323/63-65,โครงการต่อเนื่อง,บริษัท ซิลลิค ฟาร์มา จำกัด,2020-09-02," 104,474.80 ",50301020321,ค่ายาและเวชภัณฑ์ อวัยวะเทียม,20101010101,เจ้าหนี้ค่าสินค้าและบริการ,,,,,,,,,,,,,,,,,,,,,,,,,,,,,,,,,,,,,,,,,,,,,,,,,,,,,
97,โครงการฯ คณะแพทยศาสตร์ฯ พวช.ภ.0323/63-65,โครงการต่อเนื่อง,บริษัท ซิลลิค ฟาร์มา จำกัด,2020-09-14," 178,672.55 ",50301020321,ค่ายาและเวชภัณฑ์ อวัยวะเทียม,20101010101,เจ้าหนี้ค่าสินค้าและบริการ,,,,,,,,,,,,,,,,,,,,,,,,,,,,,,,,,,,,,,,,,,,,,,,,,,,,,
98,โครงการฯ คณะแพทยศาสตร์ฯ พวช.ภ.0324/63-65,โครงการต่อเนื่อง,บริษัท บี.เอ็ล.เอช. เทร็ดดิ้ง จำกัด,2020-09-02," 78,752.00 ",50301020321,ค่ายาและเวชภัณฑ์ อวัยวะเทียม,20101010101,เจ้าหนี้ค่าสินค้าและบริการ,,,,,,,,,,,,,,,,,,,,,,,,,,,,,,,,,,,,,,,,,,,,,,,,,,,,,
99,โครงการฯ คณะแพทยศาสตร์ฯ พวช.ภ.0325/63-65,โครงการต่อเนื่อง,บริษัท ซิลลิค ฟาร์มา จำกัด,2020-08-17," 340,216.00 ",50301020321,ค่ายาและเวชภัณฑ์ อวัยวะเทียม,20101010101,เจ้าหนี้ค่าสินค้าและบริการ,,,,,,,,,,,,,,,,,,,,,,,,,,,,,,,,,,,,,,,,,,,,,,,,,,,,,
100,โครงการฯ คณะแพทยศาสตร์ฯ พวช.ภ.0325/63-65,โครงการต่อเนื่อง,บริษัท ซิลลิค ฟาร์มา จำกัด,2020-09-09," 1,153,432.00 ",50301020321,ค่ายาและเวชภัณฑ์ อวัยวะเทียม,20101010101,เจ้าหนี้ค่าสินค้าและบริการ,,,,,,,,,,,,,,,,,,,,,,,,,,,,,,,,,,,,,,,,,,,,,,,,,,,,,
101,โครงการฯ คณะแพทยศาสตร์ฯ พวช.ภ.0326/63-65,โครงการต่อเนื่อง,บริษัท แปซิฟิค เฮลธ์แคร์ (ไทยแลนด์) จำกัด,2020-08-14," 117,700.00 ",50301020321,ค่ายาและเวชภัณฑ์ อวัยวะเทียม,20101010101,เจ้าหนี้ค่าสินค้าและบริการ,,,,,,,,,,,,,,,,,,,,,,,,,,,,,,,,,,,,,,,,,,,,,,,,,,,,,
102,โครงการฯ คณะแพทยศาสตร์ฯ พวช.ภ.0326/63-65,โครงการต่อเนื่อง,บริษัท แปซิฟิค เฮลธ์แคร์ (ไทยแลนด์) จำกัด,2020-09-08," 245,030.00 ",50301020321,ค่ายาและเวชภัณฑ์ อวัยวะเทียม,20101010101,เจ้าหนี้ค่าสินค้าและบริการ,,,,,,,,,,,,,,,,,,,,,,,,,,,,,,,,,,,,,,,,,,,,,,,,,,,,,
103,โครงการฯ คณะแพทยศาสตร์ฯ พวช.ภ.0327/63-65,โครงการต่อเนื่อง,บริษัท ดีเคเอสเอช (ประเทศไทย) จำกัด,2020-08-14," 148,088.00 ",50301020321,ค่ายาและเวชภัณฑ์ อวัยวะเทียม,20101010101,เจ้าหนี้ค่าสินค้าและบริการ,,,,,,,,,,,,,,,,,,,,,,,,,,,,,,,,,,,,,,,,,,,,,,,,,,,,,
104,โครงการฯ คณะแพทยศาสตร์ฯ พวช.ภ.0327/63-65,โครงการต่อเนื่อง,บริษัท ดีเคเอสเอช (ประเทศไทย) จำกัด,2020-06-09," 759,700.00 ",50301020321,ค่ายาและเวชภัณฑ์ อวัยวะเทียม,20101010101,เจ้าหนี้ค่าสินค้าและบริการ,,,,,,,,,,,,,,,,,,,,,,,,,,,,,,,,,,,,,,,,,,,,,,,,,,,,,
105,โครงการฯ คณะแพทยศาสตร์ฯ พวช.ภ.0328/63-65,โครงการต่อเนื่อง,บริษัท โมเดิร์น แบรนด์ส จำกัด,2020-09-01," 181,900.00 ",50301020321,ค่ายาและเวชภัณฑ์ อวัยวะเทียม,20101010101,เจ้าหนี้ค่าสินค้าและบริการ,,,,,,,,,,,,,,,,,,,,,,,,,,,,,,,,,,,,,,,,,,,,,,,,,,,,,
106,โครงการฯ คณะแพทยศาสตร์ฯ พวช.ภ.0328/63-65,โครงการต่อเนื่อง,บริษัท โมเดิร์น แบรนด์ส จำกัด,2020-09-14," 815,768.00 ",50301020321,ค่ายาและเวชภัณฑ์ อวัยวะเทียม,20101010101,เจ้าหนี้ค่าสินค้าและบริการ,,,,,,,,,,,,,,,,,,,,,,,,,,,,,,,,,,,,,,,,,,,,,,,,,,,,,
107,โครงการฯ คณะแพทยศาสตร์ฯ พวช.ภ.0328/63-65,โครงการต่อเนื่อง,บริษัท โมเดิร์น แบรนด์ส จำกัด,2020-06-15," 451,968.00 ",50301020321,ค่ายาและเวชภัณฑ์ อวัยวะเทียม,20101010101,เจ้าหนี้ค่าสินค้าและบริการ,,,,,,,,,,,,,,,,,,,,,,,,,,,,,,,,,,,,,,,,,,,,,,,,,,,,,
108,โครงการฯ คณะแพทยศาสตร์ฯ พวช.ภ.0329/63-65,โครงการต่อเนื่อง,บริษัท ดีเคเอสเอช (ประเทศไทย) จำกัด,2020-09-08," 70,299.00 ",50301020321,ค่ายาและเวชภัณฑ์ อวัยวะเทียม,20101010101,เจ้าหนี้ค่าสินค้าและบริการ,,,,,,,,,,,,,,,,,,,,,,,,,,,,,,,,,,,,,,,,,,,,,,,,,,,,,
109,โครงการฯ คณะแพทยศาสตร์ฯ พวช.ภ.0329/63-65,โครงการต่อเนื่อง,บริษัท ดีเคเอสเอช (ประเทศไทย) จำกัด,2020-09-14," 2,404,334.00 ",50301020321,ค่ายาและเวชภัณฑ์ อวัยวะเทียม,20101010101,เจ้าหนี้ค่าสินค้าและบริการ,,,,,,,,,,,,,,,,,,,,,,,,,,,,,,,,,,,,,,,,,,,,,,,,,,,,,
110,โครงการฯ คณะแพทยศาสตร์ฯ พวช.ภ.0330/63-65,โครงการต่อเนื่อง,บริษัท คอสม่า เทรดดิ้ง จำกัด,2020-08-25," 344,400.00 ",50301020321,ค่ายาและเวชภัณฑ์ อวัยวะเทียม,20101010101,เจ้าหนี้ค่าสินค้าและบริการ,,,,,,,,,,,,,,,,,,,,,,,,,,,,,,,,,,,,,,,,,,,,,,,,,,,,,
111,โครงการฯ คณะแพทยศาสตร์ฯ พวช.ภ.0330/63-65,โครงการต่อเนื่อง,บริษัท คอสม่า เทรดดิ้ง จำกัด,2020-09-16," 984,000.00 ",50301020321,ค่ายาและเวชภัณฑ์ อวัยวะเทียม,20101010101,เจ้าหนี้ค่าสินค้าและบริการ,,,,,,,,,,,,,,,,,,,,,,,,,,,,,,,,,,,,,,,,,,,,,,,,,,,,,
112,โครงการฯ คณะแพทยศาสตร์ฯ พวช.ภ.0331/63-65,โครงการต่อเนื่อง,บริษัท ซิลลิค ฟาร์มา จำกัด,2020-08-21," 187,036.00 ",50301020321,ค่ายาและเวชภัณฑ์ อวัยวะเทียม,20101010101,เจ้าหนี้ค่าสินค้าและบริการ,,,,,,,,,,,,,,,,,,,,,,,,,,,,,,,,,,,,,,,,,,,,,,,,,,,,,
113,โครงการฯ คณะแพทยศาสตร์ฯ พวช.ภ.0332/63-65,โครงการต่อเนื่อง,บริษัท ดีเคเอสเอช (ประเทศไทย) จำกัด,2020-08-18," 293,442.15 ",50301020321,ค่ายาและเวชภัณฑ์ อวัยวะเทียม,20101010101,เจ้าหนี้ค่าสินค้าและบริการ,,,,,,,,,,,,,,,,,,,,,,,,,,,,,,,,,,,,,,,,,,,,,,,,,,,,,
114,โครงการฯ คณะแพทยศาสตร์ฯ พวช.ภ.0332/63-65,โครงการต่อเนื่อง,บริษัท ดีเคเอสเอช (ประเทศไทย) จำกัด,2020-09-14," 726,792.15 ",50301020321,ค่ายาและเวชภัณฑ์ อวัยวะเทียม,20101010101,เจ้าหนี้ค่าสินค้าและบริการ,,,,,,,,,,,,,,,,,,,,,,,,,,,,,,,,,,,,,,,,,,,,,,,,,,,,,
115,โครงการฯ คณะแพทยศาสตร์ฯ พวช.ภ.0333/63-65,โครงการต่อเนื่อง,บริษัท เมดติจูด จำกัด,2020-08-17," 310,835.00 ",50301020321,ค่ายาและเวชภัณฑ์ อวัยวะเทียม,20101010101,เจ้าหนี้ค่าสินค้าและบริการ,,,,,,,,,,,,,,,,,,,,,,,,,,,,,,,,,,,,,,,,,,,,,,,,,,,,,
116,โครงการฯ คณะแพทยศาสตร์ฯ พวช.ภ.0333/63-65,โครงการต่อเนื่อง,บริษัท เมดติจูด จำกัด,2020-09-11," 710,480.00 ",50301020321,ค่ายาและเวชภัณฑ์ อวัยวะเทียม,20101010101,เจ้าหนี้ค่าสินค้าและบริการ,,,,,,,,,,,,,,,,,,,,,,,,,,,,,,,,,,,,,,,,,,,,,,,,,,,,,
117,โครงการฯ คณะแพทยศาสตร์ฯ พวช.ภ.0334/63-65,โครงการต่อเนื่อง,องค์การเภสัชกรรม,2020-09-11," 214,000.00 ",50301020321,ค่ายาและเวชภัณฑ์ อวัยวะเทียม,20101010101,เจ้าหนี้ค่าสินค้าและบริการ,,,,,,,,,,,,,,,,,,,,,,,,,,,,,,,,,,,,,,,,,,,,,,,,,,,,,
118,โครงการฯ คณะแพทยศาสตร์ฯ พวช.ภ.0335/63-65,โครงการต่อเนื่อง,บริษัท ซิลลิค ฟาร์มา จำกัด,2020-08-17," 722,250.00 ",50301020321,ค่ายาและเวชภัณฑ์ อวัยวะเทียม,20101010101,เจ้าหนี้ค่าสินค้าและบริการ,,,,,,,,,,,,,,,,,,,,,,,,,,,,,,,,,,,,,,,,,,,,,,,,,,,,,
119,โครงการฯ คณะแพทยศาสตร์ฯ พวช.ภ.0335/63-65,โครงการต่อเนื่อง,บริษัท ซิลลิค ฟาร์มา จำกัด,2020-08-28," 1,611,915.00 ",50301020321,ค่ายาและเวชภัณฑ์ อวัยวะเทียม,20101010101,เจ้าหนี้ค่าสินค้าและบริการ,,,,,,,,,,,,,,,,,,,,,,,,,,,,,,,,,,,,,,,,,,,,,,,,,,,,,
120,โครงการฯ คณะแพทยศาสตร์ฯ พวช.ภ.0335/63-65,โครงการต่อเนื่อง,บริษัท ซิลลิค ฟาร์มา จำกัด,2020-08-31," 329,025.00 ",50301020321,ค่ายาและเวชภัณฑ์ อวัยวะเทียม,20101010101,เจ้าหนี้ค่าสินค้าและบริการ,,,,,,,,,,,,,,,,,,,,,,,,,,,,,,,,,,,,,,,,,,,,,,,,,,,,,
121,โครงการฯ คณะแพทยศาสตร์ฯ พวช.ภ.0335/63-65,โครงการต่อเนื่อง,บริษัท ซิลลิค ฟาร์มา จำกัด,2020-09-14," 2,441,160.00 ",50301020321,ค่ายาและเวชภัณฑ์ อวัยวะเทียม,20101010101,เจ้าหนี้ค่าสินค้าและบริการ,,,,,,,,,,,,,,,,,,,,,,,,,,,,,,,,,,,,,,,,,,,,,,,,,,,,,
122,โครงการฯ คณะแพทยศาสตร์ฯ พวช.ภ.0335/63-65,โครงการต่อเนื่อง,บริษัท ซิลลิค ฟาร์มา จำกัด,2020-09-15," 2,118,520.00 ",50301020321,ค่ายาและเวชภัณฑ์ อวัยวะเทียม,20101010101,เจ้าหนี้ค่าสินค้าและบริการ,,,,,,,,,,,,,,,,,,,,,,,,,,,,,,,,,,,,,,,,,,,,,,,,,,,,,
123,โครงการฯ คณะแพทยศาสตร์ฯ พวช.ภ.0336/63-65,โครงการต่อเนื่อง,บริษัท ดีเคเอสเอช (ประเทศไทย) จำกัด,2020-08-24," 210,897.00 ",50301020321,ค่ายาและเวชภัณฑ์ อวัยวะเทียม,20101010101,เจ้าหนี้ค่าสินค้าและบริการ,,,,,,,,,,,,,,,,,,,,,,,,,,,,,,,,,,,,,,,,,,,,,,,,,,,,,
124,โครงการฯ คณะแพทยศาสตร์ฯ พวช.ภ.0336/63-65,โครงการต่อเนื่อง,บริษัท ดีเคเอสเอช (ประเทศไทย) จำกัด,2020-09-30," 105,448.50 ",50301020321,ค่ายาและเวชภัณฑ์ อวัยวะเทียม,20101010101,เจ้าหนี้ค่าสินค้าและบริการ,,,,,,,,,,,,,,,,,,,,,,,,,,,,,,,,,,,,,,,,,,,,,,,,,,,,,
125,โครงการฯ คณะแพทยศาสตร์ฯ พวช.ภ.0337/63-65,โครงการต่อเนื่อง,บริษัท ดีเคเอสเอช (ประเทศไทย) จำกัด,2020-08-24," 357,810.00 ",50301020321,ค่ายาและเวชภัณฑ์ อวัยวะเทียม,20101010101,เจ้าหนี้ค่าสินค้าและบริการ,,,,,,,,,,,,,,,,,,,,,,,,,,,,,,,,,,,,,,,,,,,,,,,,,,,,,
126,โครงการฯ คณะแพทยศาสตร์ฯ พวช.ภ.0337/63-65,โครงการต่อเนื่อง,บริษัท ดีเคเอสเอช (ประเทศไทย) จำกัด,2020-09-09," 321,535.00 ",50301020321,ค่ายาและเวชภัณฑ์ อวัยวะเทียม,20101010101,เจ้าหนี้ค่าสินค้าและบริการ,,,,,,,,,,,,,,,,,,,,,,,,,,,,,,,,,,,,,,,,,,,,,,,,,,,,,
127,โครงการฯ คณะแพทยศาสตร์ฯ พวช.ภ.0337/63-65,โครงการต่อเนื่อง,บริษัท ดีเคเอสเอช (ประเทศไทย) จำกัด,2020-06-17," 378,140.00 ",50301020321,ค่ายาและเวชภัณฑ์ อวัยวะเทียม,20101010101,เจ้าหนี้ค่าสินค้าและบริการ,,,,,,,,,,,,,,,,,,,,,,,,,,,,,,,,,,,,,,,,,,,,,,,,,,,,,
128,โครงการฯ คณะแพทยศาสตร์ฯ พวช.ภ.0338/63-65,โครงการต่อเนื่อง,บริษัท ซิลลิค ฟาร์มา จำกัด,2020-08-31," 181,900.00 ",50301020321,ค่ายาและเวชภัณฑ์ อวัยวะเทียม,20101010101,เจ้าหนี้ค่าสินค้าและบริการ,,,,,,,,,,,,,,,,,,,,,,,,,,,,,,,,,,,,,,,,,,,,,,,,,,,,,
129,โครงการฯ คณะแพทยศาสตร์ฯ พวช.ภ.0338/63-65,โครงการต่อเนื่อง,บริษัท ซิลลิค ฟาร์มา จำกัด,2020-09-11," 272,850.00 ",50301020321,ค่ายาและเวชภัณฑ์ อวัยวะเทียม,20101010101,เจ้าหนี้ค่าสินค้าและบริการ,,,,,,,,,,,,,,,,,,,,,,,,,,,,,,,,,,,,,,,,,,,,,,,,,,,,,
130,โครงการฯ คณะแพทยศาสตร์ฯ พวช.ภ.0339/63-65,โครงการต่อเนื่อง,บริษัท ซิลลิค ฟาร์มา จำกัด,2020-08-14," 149,457.60 ",50301020321,ค่ายาและเวชภัณฑ์ อวัยวะเทียม,20101010101,เจ้าหนี้ค่าสินค้าและบริการ,,,,,,,,,,,,,,,,,,,,,,,,,,,,,,,,,,,,,,,,,,,,,,,,,,,,,
131,โครงการฯ คณะแพทยศาสตร์ฯ พวช.ภ.0339/63-65,โครงการต่อเนื่อง,บริษัท ซิลลิค ฟาร์มา จำกัด,2020-08-25," 290,462.20 ",50301020321,ค่ายาและเวชภัณฑ์ อวัยวะเทียม,20101010101,เจ้าหนี้ค่าสินค้าและบริการ,,,,,,,,,,,,,,,,,,,,,,,,,,,,,,,,,,,,,,,,,,,,,,,,,,,,,
132,โครงการฯ คณะแพทยศาสตร์ฯ พวช.ภ.0339/63-65,โครงการต่อเนื่อง,บริษัท ซิลลิค ฟาร์มา จำกัด,2020-09-03," 8,560.00 ",50301020321,ค่ายาและเวชภัณฑ์ อวัยวะเทียม,20101010101,เจ้าหนี้ค่าสินค้าและบริการ,,,,,,,,,,,,,,,,,,,,,,,,,,,,,,,,,,,,,,,,,,,,,,,,,,,,,
133,โครงการฯ คณะแพทยศาสตร์ฯ พวช.ภ.0339/63-65,โครงการต่อเนื่อง,บริษัท ซิลลิค ฟาร์มา จำกัด,2020-06-11," 1,063,130.60 ",50301020321,ค่ายาและเวชภัณฑ์ อวัยวะเทียม,20101010101,เจ้าหนี้ค่าสินค้าและบริการ,,,,,,,,,,,,,,,,,,,,,,,,,,,,,,,,,,,,,,,,,,,,,,,,,,,,,
134,โครงการฯ คณะแพทยศาสตร์ฯ พวช.ภ.0342/63-65,โครงการต่อเนื่อง,บริษัท ดีเคเอสเอช (ประเทศไทย) จำกัด,2020-08-18," 674,421.00 ",50301020321,ค่ายาและเวชภัณฑ์ อวัยวะเทียม,20101010101,เจ้าหนี้ค่าสินค้าและบริการ,,,,,,,,,,,,,,,,,,,,,,,,,,,,,,,,,,,,,,,,,,,,,,,,,,,,,
135,โครงการฯ คณะแพทยศาสตร์ฯ พวช.ภ.0342/63-65,โครงการต่อเนื่อง,บริษัท ดีเคเอสเอช (ประเทศไทย) จำกัด,2020-08-18," 68,842.50 ",50301020321,ค่ายาและเวชภัณฑ์ อวัยวะเทียม,20101010101,เจ้าหนี้ค่าสินค้าและบริการ,,,,,,,,,,,,,,,,,,,,,,,,,,,,,,,,,,,,,,,,,,,,,,,,,,,,,
136,โครงการฯ คณะแพทยศาสตร์ฯ พวช.ภ.0342/63-65,โครงการต่อเนื่อง,บริษัท ดีเคเอสเอช (ประเทศไทย) จำกัด,2020-08-21," 154,379.60 ",50301020321,ค่ายาและเวชภัณฑ์ อวัยวะเทียม,20101010101,เจ้าหนี้ค่าสินค้าและบริการ,,,,,,,,,,,,,,,,,,,,,,,,,,,,,,,,,,,,,,,,,,,,,,,,,,,,,
137,โครงการฯ คณะแพทยศาสตร์ฯ พวช.ภ.0342/63-65,โครงการต่อเนื่อง,บริษัท ดีเคเอสเอช (ประเทศไทย) จำกัด,2020-08-31," 647,200.20 ",50301020321,ค่ายาและเวชภัณฑ์ อวัยวะเทียม,20101010101,เจ้าหนี้ค่าสินค้าและบริการ,,,,,,,,,,,,,,,,,,,,,,,,,,,,,,,,,,,,,,,,,,,,,,,,,,,,,
138,โครงการฯ คณะแพทยศาสตร์ฯ พวช.ภ.0342/63-65,โครงการต่อเนื่อง,บริษัท ดีเคเอสเอช (ประเทศไทย) จำกัด,2020-09-11," 1,315,308.20 ",50301020321,ค่ายาและเวชภัณฑ์ อวัยวะเทียม,20101010101,เจ้าหนี้ค่าสินค้าและบริการ,,,,,,,,,,,,,,,,,,,,,,,,,,,,,,,,,,,,,,,,,,,,,,,,,,,,,
139,โครงการฯ คณะแพทยศาสตร์ฯ พวช.ภ.0342/63-65,โครงการต่อเนื่อง,บริษัท ดีเคเอสเอช (ประเทศไทย) จำกัด,2020-06-15," 733,485.00 ",50301020321,ค่ายาและเวชภัณฑ์ อวัยวะเทียม,20101010101,เจ้าหนี้ค่าสินค้าและบริการ,,,,,,,,,,,,,,,,,,,,,,,,,,,,,,,,,,,,,,,,,,,,,,,,,,,,,
140,โครงการฯ คณะแพทยศาสตร์ฯ พวช.ภ.0343/63-65,โครงการต่อเนื่อง,บริษัท ซิลลิค ฟาร์มา จำกัด,2020-08-17," 99,510.00 ",50301020321,ค่ายาและเวชภัณฑ์ อวัยวะเทียม,20101010101,เจ้าหนี้ค่าสินค้าและบริการ,,,,,,,,,,,,,,,,,,,,,,,,,,,,,,,,,,,,,,,,,,,,,,,,,,,,,
141,โครงการฯ คณะแพทยศาสตร์ฯ พวช.ภ.0343/63-65,โครงการต่อเนื่อง,บริษัท ซิลลิค ฟาร์มา จำกัด,2020-08-21," 61,494.40 ",50301020321,ค่ายาและเวชภัณฑ์ อวัยวะเทียม,20101010101,เจ้าหนี้ค่าสินค้าและบริการ,,,,,,,,,,,,,,,,,,,,,,,,,,,,,,,,,,,,,,,,,,,,,,,,,,,,,
142,โครงการฯ คณะแพทยศาสตร์ฯ พวช.ภ.0343/63-65,โครงการต่อเนื่อง,บริษัท ซิลลิค ฟาร์มา จำกัด,2020-08-28," 713,252.00 ",50301020321,ค่ายาและเวชภัณฑ์ อวัยวะเทียม,20101010101,เจ้าหนี้ค่าสินค้าและบริการ,,,,,,,,,,,,,,,,,,,,,,,,,,,,,,,,,,,,,,,,,,,,,,,,,,,,,
143,โครงการฯ คณะแพทยศาสตร์ฯ พวช.ภ.0343/63-65,โครงการต่อเนื่อง,บริษัท ซิลลิค ฟาร์มา จำกัด,2020-08-31," 501,295.00 ",50301020321,ค่ายาและเวชภัณฑ์ อวัยวะเทียม,20101010101,เจ้าหนี้ค่าสินค้าและบริการ,,,,,,,,,,,,,,,,,,,,,,,,,,,,,,,,,,,,,,,,,,,,,,,,,,,,,
144,โครงการฯ คณะแพทยศาสตร์ฯ พวช.ภ.0343/63-65,โครงการต่อเนื่อง,บริษัท ซิลลิค ฟาร์มา จำกัด,2020-09-09," 388,987.80 ",50301020321,ค่ายาและเวชภัณฑ์ อวัยวะเทียม,20101010101,เจ้าหนี้ค่าสินค้าและบริการ,,,,,,,,,,,,,,,,,,,,,,,,,,,,,,,,,,,,,,,,,,,,,,,,,,,,,
145,โครงการฯ คณะแพทยศาสตร์ฯ พวช.ภ.0344/63-65,โครงการต่อเนื่อง,บริษัท ดีเคเอสเอช (ประเทศไทย) จำกัด,2020-09-15," 589,837.15 ",50301020321,ค่ายาและเวชภัณฑ์ อวัยวะเทียม,20101010101,เจ้าหนี้ค่าสินค้าและบริการ,,,,,,,,,,,,,,,,,,,,,,,,,,,,,,,,,,,,,,,,,,,,,,,,,,,,,
146,โครงการฯ คณะแพทยศาสตร์ฯ พวช.ภ.0346/63-65,โครงการต่อเนื่อง,บริษัท ดีเคเอสเอช (ประเทศไทย) จำกัด,2020-08-18," 132,330.00 ",50301020321,ค่ายาและเวชภัณฑ์ อวัยวะเทียม,20101010101,เจ้าหนี้ค่าสินค้าและบริการ,,,,,,,,,,,,,,,,,,,,,,,,,,,,,,,,,,,,,,,,,,,,,,,,,,,,,
147,โครงการฯ คณะแพทยศาสตร์ฯ พวช.ภ.0346/63-65,โครงการต่อเนื่อง,บริษัท ดีเคเอสเอช (ประเทศไทย) จำกัด,2020-09-09," 156,390.00 ",50301020321,ค่ายาและเวชภัณฑ์ อวัยวะเทียม,20101010101,เจ้าหนี้ค่าสินค้าและบริการ,,,,,,,,,,,,,,,,,,,,,,,,,,,,,,,,,,,,,,,,,,,,,,,,,,,,,
148,โครงการฯ คณะแพทยศาสตร์ฯ พวช.ภ.0346/63-65,โครงการต่อเนื่อง,บริษัท ดีเคเอสเอช (ประเทศไทย) จำกัด,2020-09-17," 360,900.00 ",50301020321,ค่ายาและเวชภัณฑ์ อวัยวะเทียม,20101010101,เจ้าหนี้ค่าสินค้าและบริการ,,,,,,,,,,,,,,,,,,,,,,,,,,,,,,,,,,,,,,,,,,,,,,,,,,,,,
149,โครงการฯ คณะแพทยศาสตร์ฯ พวช.ภ.0347/63-65,โครงการต่อเนื่อง,บริษัท ซิลลิค ฟาร์มา จำกัด,2020-08-17," 255,998.40 ",50301020321,ค่ายาและเวชภัณฑ์ อวัยวะเทียม,20101010101,เจ้าหนี้ค่าสินค้าและบริการ,,,,,,,,,,,,,,,,,,,,,,,,,,,,,,,,,,,,,,,,,,,,,,,,,,,,,
150,โครงการฯ คณะแพทยศาสตร์ฯ พวช.ภ.0347/63-65,โครงการต่อเนื่อง,บริษัท ซิลลิค ฟาร์มา จำกัด,2020-08-31," 213,029.50 ",50301020321,ค่ายาและเวชภัณฑ์ อวัยวะเทียม,20101010101,เจ้าหนี้ค่าสินค้าและบริการ,,,,,,,,,,,,,,,,,,,,,,,,,,,,,,,,,,,,,,,,,,,,,,,,,,,,,
151,โครงการฯ คณะแพทยศาสตร์ฯ พวช.ภ.0347/63-65,โครงการต่อเนื่อง,บริษัท ซิลลิค ฟาร์มา จำกัด,2020-09-03," 164,664.00 ",50301020321,ค่ายาและเวชภัณฑ์ อวัยวะเทียม,20101010101,เจ้าหนี้ค่าสินค้าและบริการ,,,,,,,,,,,,,,,,,,,,,,,,,,,,,,,,,,,,,,,,,,,,,,,,,,,,,
152,โครงการฯ คณะแพทยศาสตร์ฯ พวช.ภ.0348/63-65,โครงการต่อเนื่อง,บริษัท เอเบิ้ล เมดิคอล จำกัด,2020-09-14," 18,270.00 ",50301020321,ค่ายาและเวชภัณฑ์ อวัยวะเทียม,20101010101,เจ้าหนี้ค่าสินค้าและบริการ,,,,,,,,,,,,,,,,,,,,,,,,,,,,,,,,,,,,,,,,,,,,,,,,,,,,,
153,โครงการฯ คณะแพทยศาสตร์ฯ พวช.ภ.0349/63-65,โครงการต่อเนื่อง,บริษัท วี.แอนด์.วี กรุงเทพ จำกัด,2020-08-18," 30,600.00 ",50301020321,ค่ายาและเวชภัณฑ์ อวัยวะเทียม,20101010101,เจ้าหนี้ค่าสินค้าและบริการ,,,,,,,,,,,,,,,,,,,,,,,,,,,,,,,,,,,,,,,,,,,,,,,,,,,,,
154,โครงการฯ คณะแพทยศาสตร์ฯ พวช.ภ.0349/63-65,โครงการต่อเนื่อง,บริษัท วี.แอนด์.วี กรุงเทพ จำกัด,2020-08-26," 60,000.00 ",50301020321,ค่ายาและเวชภัณฑ์ อวัยวะเทียม,20101010101,เจ้าหนี้ค่าสินค้าและบริการ,,,,,,,,,,,,,,,,,,,,,,,,,,,,,,,,,,,,,,,,,,,,,,,,,,,,,
155,โครงการฯ คณะแพทยศาสตร์ฯ พวช.ภ.0349/63-65,โครงการต่อเนื่อง,บริษัท วี.แอนด์.วี กรุงเทพ จำกัด,2020-09-11," 191,200.00 ",50301020321,ค่ายาและเวชภัณฑ์ อวัยวะเทียม,20101010101,เจ้าหนี้ค่าสินค้าและบริการ,,,,,,,,,,,,,,,,,,,,,,,,,,,,,,,,,,,,,,,,,,,,,,,,,,,,,
156,โครงการฯ คณะแพทยศาสตร์ฯ พวช.ภ.0350/63-65,โครงการต่อเนื่อง,บริษัท ซิลลิค ฟาร์มา จำกัด,2020-08-20," 370,000.00 ",50301020321,ค่ายาและเวชภัณฑ์ อวัยวะเทียม,20101010101,เจ้าหนี้ค่าสินค้าและบริการ,,,,,,,,,,,,,,,,,,,,,,,,,,,,,,,,,,,,,,,,,,,,,,,,,,,,,
157,โครงการฯ คณะแพทยศาสตร์ฯ พวช.ภ.0351/63-65,โครงการต่อเนื่อง,บริษัท ฟาร์ม่า อินโนวา จำกัด,2020-08-17," 79,500.00 ",50301020321,ค่ายาและเวชภัณฑ์ อวัยวะเทียม,20101010101,เจ้าหนี้ค่าสินค้าและบริการ,,,,,,,,,,,,,,,,,,,,,,,,,,,,,,,,,,,,,,,,,,,,,,,,,,,,,
158,โครงการฯ คณะแพทยศาสตร์ฯ พวช.ภ.0351/63-65,โครงการต่อเนื่อง,บริษัท ฟาร์ม่า อินโนวา จำกัด,2020-09-14," 79,500.00 ",50301020321,ค่ายาและเวชภัณฑ์ อวัยวะเทียม,20101010101,เจ้าหนี้ค่าสินค้าและบริการ,,,,,,,,,,,,,,,,,,,,,,,,,,,,,,,,,,,,,,,,,,,,,,,,,,,,,
159,โครงการฯ คณะแพทยศาสตร์ฯ พวช.ภ.0352/63-65,โครงการต่อเนื่อง,บริษัท พีเอ็มแอล พลัส จำกัด,2020-08-28," 45,000.00 ",50301020321,ค่ายาและเวชภัณฑ์ อวัยวะเทียม,20101010101,เจ้าหนี้ค่าสินค้าและบริการ,,,,,,,,,,,,,,,,,,,,,,,,,,,,,,,,,,,,,,,,,,,,,,,,,,,,,
160,โครงการฯ คณะแพทยศาสตร์ฯ พวช.ภ.0353/63-65,โครงการต่อเนื่อง,บริษัท ดีเคเอสเอช (ประเทศไทย) จำกัด,2020-08-18," 224,890.00 ",50301020321,ค่ายาและเวชภัณฑ์ อวัยวะเทียม,20101010101,เจ้าหนี้ค่าสินค้าและบริการ,,,,,,,,,,,,,,,,,,,,,,,,,,,,,,,,,,,,,,,,,,,,,,,,,,,,,
161,โครงการฯ คณะแพทยศาสตร์ฯ พวช.ภ.0353/63-65,โครงการต่อเนื่อง,บริษัท ดีเคเอสเอช (ประเทศไทย) จำกัด,2020-08-18," 967,938.00 ",50301020321,ค่ายาและเวชภัณฑ์ อวัยวะเทียม,20101010101,เจ้าหนี้ค่าสินค้าและบริการ,,,,,,,,,,,,,,,,,,,,,,,,,,,,,,,,,,,,,,,,,,,,,,,,,,,,,
162,โครงการฯ คณะแพทยศาสตร์ฯ พวช.ภ.0353/63-65,โครงการต่อเนื่อง,บริษัท ดีเคเอสเอช (ประเทศไทย) จำกัด,2020-09-01," 1,439,973.00 ",50301020321,ค่ายาและเวชภัณฑ์ อวัยวะเทียม,20101010101,เจ้าหนี้ค่าสินค้าและบริการ,,,,,,,,,,,,,,,,,,,,,,,,,,,,,,,,,,,,,,,,,,,,,,,,,,,,,
163,โครงการฯ คณะแพทยศาสตร์ฯ พวช.ภ.0353/63-65,โครงการต่อเนื่อง,บริษัท ดีเคเอสเอช (ประเทศไทย) จำกัด,2020-08-28," 873,075.00 ",50301020321,ค่ายาและเวชภัณฑ์ อวัยวะเทียม,20101010101,เจ้าหนี้ค่าสินค้าและบริการ,,,,,,,,,,,,,,,,,,,,,,,,,,,,,,,,,,,,,,,,,,,,,,,,,,,,,
164,โครงการฯ คณะแพทยศาสตร์ฯ พวช.ภ.0353/63-65,โครงการต่อเนื่อง,บริษัท ดีเคเอสเอช (ประเทศไทย) จำกัด,2020-09-08," 651,351.80 ",50301020321,ค่ายาและเวชภัณฑ์ อวัยวะเทียม,20101010101,เจ้าหนี้ค่าสินค้าและบริการ,,,,,,,,,,,,,,,,,,,,,,,,,,,,,,,,,,,,,,,,,,,,,,,,,,,,,
165,โครงการฯ คณะแพทยศาสตร์ฯ พวช.ภ.0353/63-65,โครงการต่อเนื่อง,บริษัท ดีเคเอสเอช (ประเทศไทย) จำกัด,2020-09-17," 4,497,522.00 ",50301020321,ค่ายาและเวชภัณฑ์ อวัยวะเทียม,20101010101,เจ้าหนี้ค่าสินค้าและบริการ,,,,,,,,,,,,,,,,,,,,,,,,,,,,,,,,,,,,,,,,,,,,,,,,,,,,,
166,โครงการฯ คณะแพทยศาสตร์ฯ พวช.ภ.0354/63-65,โครงการต่อเนื่อง,บริษัท ซิลลิค ฟาร์มา จำกัด,2020-08-14," 5,136.00 ",50301020321,ค่ายาและเวชภัณฑ์ อวัยวะเทียม,20101010101,เจ้าหนี้ค่าสินค้าและบริการ,,,,,,,,,,,,,,,,,,,,,,,,,,,,,,,,,,,,,,,,,,,,,,,,,,,,,
167,โครงการฯ คณะแพทยศาสตร์ฯ พวช.ภ.0354/63-65,โครงการต่อเนื่อง,บริษัท ซิลลิค ฟาร์มา จำกัด,2020-06-14," 352,672.00 ",50301020321,ค่ายาและเวชภัณฑ์ อวัยวะเทียม,20101010101,เจ้าหนี้ค่าสินค้าและบริการ,,,,,,,,,,,,,,,,,,,,,,,,,,,,,,,,,,,,,,,,,,,,,,,,,,,,,
168,โครงการฯ คณะแพทยศาสตร์ฯ พวช.ภ.0355/63-65,โครงการต่อเนื่อง,บริษัท แปซิฟิค เฮลธ์แคร์ (ไทยแลนด์) จำกัด,2020-08-20," 64,200.00 ",50301020321,ค่ายาและเวชภัณฑ์ อวัยวะเทียม,20101010101,เจ้าหนี้ค่าสินค้าและบริการ,,,,,,,,,,,,,,,,,,,,,,,,,,,,,,,,,,,,,,,,,,,,,,,,,,,,,
169,โครงการฯ คณะแพทยศาสตร์ฯ พวช.ภ.0355/63-65,โครงการต่อเนื่อง,บริษัท แปซิฟิค เฮลธ์แคร์ (ไทยแลนด์) จำกัด,2020-09-11," 85,600.00 ",50301020321,ค่ายาและเวชภัณฑ์ อวัยวะเทียม,20101010101,เจ้าหนี้ค่าสินค้าและบริการ,,,,,,,,,,,,,,,,,,,,,,,,,,,,,,,,,,,,,,,,,,,,,,,,,,,,,
170,โครงการฯ คณะแพทยศาสตร์ฯ พวช.ภ.0356/63-65,โครงการต่อเนื่อง,บริษัท เอ.เอ็น.บี. ลาบอราตอรี่ (อำนวยเภสัช) จำกัด,2020-08-27," 250,000.00 ",50301020321,ค่ายาและเวชภัณฑ์ อวัยวะเทียม,20101010101,เจ้าหนี้ค่าสินค้าและบริการ,,,,,,,,,,,,,,,,,,,,,,,,,,,,,,,,,,,,,,,,,,,,,,,,,,,,,
171,โครงการฯ คณะแพทยศาสตร์ฯ พวช.ภ.0357/63-65,โครงการต่อเนื่อง,บริษัท ซิลลิค ฟาร์มา จำกัด,2020-08-14," 366,368.00 ",50301020321,ค่ายาและเวชภัณฑ์ อวัยวะเทียม,20101010101,เจ้าหนี้ค่าสินค้าและบริการ,,,,,,,,,,,,,,,,,,,,,,,,,,,,,,,,,,,,,,,,,,,,,,,,,,,,,
172,โครงการฯ คณะแพทยศาสตร์ฯ พวช.ภ.0357/63-65,โครงการต่อเนื่อง,บริษัท ซิลลิค ฟาร์มา จำกัด,2020-08-14," 149,907.00 ",50301020321,ค่ายาและเวชภัณฑ์ อวัยวะเทียม,20101010101,เจ้าหนี้ค่าสินค้าและบริการ,,,,,,,,,,,,,,,,,,,,,,,,,,,,,,,,,,,,,,,,,,,,,,,,,,,,,
173,โครงการฯ คณะแพทยศาสตร์ฯ พวช.ภ.0357/63-65,โครงการต่อเนื่อง,บริษัท ซิลลิค ฟาร์มา จำกัด,2020-08-21," 135,462.00 ",50301020321,ค่ายาและเวชภัณฑ์ อวัยวะเทียม,20101010101,เจ้าหนี้ค่าสินค้าและบริการ,,,,,,,,,,,,,,,,,,,,,,,,,,,,,,,,,,,,,,,,,,,,,,,,,,,,,
174,โครงการฯ คณะแพทยศาสตร์ฯ พวช.ภ.0357/63-65,โครงการต่อเนื่อง,บริษัท ซิลลิค ฟาร์มา จำกัด,2020-08-31," 514,488.10 ",50301020321,ค่ายาและเวชภัณฑ์ อวัยวะเทียม,20101010101,เจ้าหนี้ค่าสินค้าและบริการ,,,,,,,,,,,,,,,,,,,,,,,,,,,,,,,,,,,,,,,,,,,,,,,,,,,,,
175,โครงการฯ คณะแพทยศาสตร์ฯ พวช.ภ.0357/63-65,โครงการต่อเนื่อง,บริษัท ซิลลิค ฟาร์มา จำกัด,2020-09-03," 182,552.70 ",50301020321,ค่ายาและเวชภัณฑ์ อวัยวะเทียม,20101010101,เจ้าหนี้ค่าสินค้าและบริการ,,,,,,,,,,,,,,,,,,,,,,,,,,,,,,,,,,,,,,,,,,,,,,,,,,,,,
176,โครงการฯ คณะแพทยศาสตร์ฯ พวช.ภ.0359/63-65,โครงการต่อเนื่อง,บริษัท ดีเคเอสเอช (ประเทศไทย) จำกัด,2020-08-18," 354,533.80 ",50301020321,ค่ายาและเวชภัณฑ์ อวัยวะเทียม,20101010101,เจ้าหนี้ค่าสินค้าและบริการ,,,,,,,,,,,,,,,,,,,,,,,,,,,,,,,,,,,,,,,,,,,,,,,,,,,,,
177,โครงการฯ คณะแพทยศาสตร์ฯ พวช.ภ.0359/63-65,โครงการต่อเนื่อง,บริษัท ดีเคเอสเอช (ประเทศไทย) จำกัด,2020-08-18," 16,531.50 ",50301020321,ค่ายาและเวชภัณฑ์ อวัยวะเทียม,20101010101,เจ้าหนี้ค่าสินค้าและบริการ,,,,,,,,,,,,,,,,,,,,,,,,,,,,,,,,,,,,,,,,,,,,,,,,,,,,,
178,โครงการฯ คณะแพทยศาสตร์ฯ พวช.ภ.0359/63-65,โครงการต่อเนื่อง,บริษัท ดีเคเอสเอช (ประเทศไทย) จำกัด,2020-08-24," 957,758.00 ",50301020321,ค่ายาและเวชภัณฑ์ อวัยวะเทียม,20101010101,เจ้าหนี้ค่าสินค้าและบริการ,,,,,,,,,,,,,,,,,,,,,,,,,,,,,,,,,,,,,,,,,,,,,,,,,,,,,
179,โครงการฯ คณะแพทยศาสตร์ฯ พวช.ภ.0359/63-65,โครงการต่อเนื่อง,บริษัท ดีเคเอสเอช (ประเทศไทย) จำกัด,2020-08-26," 15,408.00 ",50301020321,ค่ายาและเวชภัณฑ์ อวัยวะเทียม,20101010101,เจ้าหนี้ค่าสินค้าและบริการ,,,,,,,,,,,,,,,,,,,,,,,,,,,,,,,,,,,,,,,,,,,,,,,,,,,,,
180,โครงการฯ คณะแพทยศาสตร์ฯ พวช.ภ.0359/63-65,โครงการต่อเนื่อง,บริษัท ดีเคเอสเอช (ประเทศไทย) จำกัด,2020-08-25," 958,934.00 ",50301020321,ค่ายาและเวชภัณฑ์ อวัยวะเทียม,20101010101,เจ้าหนี้ค่าสินค้าและบริการ,,,,,,,,,,,,,,,,,,,,,,,,,,,,,,,,,,,,,,,,,,,,,,,,,,,,,
181,โครงการฯ คณะแพทยศาสตร์ฯ พวช.ภ.0359/63-65,โครงการต่อเนื่อง,บริษัท ดีเคเอสเอช (ประเทศไทย) จำกัด,2020-08-31," 66,447.00 ",50301020321,ค่ายาและเวชภัณฑ์ อวัยวะเทียม,20101010101,เจ้าหนี้ค่าสินค้าและบริการ,,,,,,,,,,,,,,,,,,,,,,,,,,,,,,,,,,,,,,,,,,,,,,,,,,,,,
182,โครงการฯ คณะแพทยศาสตร์ฯ พวช.ภ.0359/63-65,โครงการต่อเนื่อง,บริษัท ดีเคเอสเอช (ประเทศไทย) จำกัด,2020-09-08," 12,797.20 ",50301020321,ค่ายาและเวชภัณฑ์ อวัยวะเทียม,20101010101,เจ้าหนี้ค่าสินค้าและบริการ,,,,,,,,,,,,,,,,,,,,,,,,,,,,,,,,,,,,,,,,,,,,,,,,,,,,,
183,โครงการฯ คณะแพทยศาสตร์ฯ พวช.ภ.0360/63-65,โครงการต่อเนื่อง,บริษัท ดีเคเอสเอช (ประเทศไทย) จำกัด,2020-08-05," 139,538.70 ",50301020321,ค่ายาและเวชภัณฑ์ อวัยวะเทียม,20101010101,เจ้าหนี้ค่าสินค้าและบริการ,,,,,,,,,,,,,,,,,,,,,,,,,,,,,,,,,,,,,,,,,,,,,,,,,,,,,
184,โครงการฯ คณะแพทยศาสตร์ฯ พวช.ภ.0360/63-65,โครงการต่อเนื่อง,บริษัท ดีเคเอสเอช (ประเทศไทย) จำกัด,2020-08-18," 1,032,978.00 ",50301020321,ค่ายาและเวชภัณฑ์ อวัยวะเทียม,20101010101,เจ้าหนี้ค่าสินค้าและบริการ,,,,,,,,,,,,,,,,,,,,,,,,,,,,,,,,,,,,,,,,,,,,,,,,,,,,,
185,โครงการฯ คณะแพทยศาสตร์ฯ พวช.ภ.0360/63-65,โครงการต่อเนื่อง,บริษัท ดีเคเอสเอช (ประเทศไทย) จำกัด,2020-08-18," 633,012.00 ",50301020321,ค่ายาและเวชภัณฑ์ อวัยวะเทียม,20101010101,เจ้าหนี้ค่าสินค้าและบริการ,,,,,,,,,,,,,,,,,,,,,,,,,,,,,,,,,,,,,,,,,,,,,,,,,,,,,
186,โครงการฯ คณะแพทยศาสตร์ฯ พวช.ภ.0360/63-65,โครงการต่อเนื่อง,บริษัท ดีเคเอสเอช (ประเทศไทย) จำกัด,2020-08-25," 256,800.00 ",50301020321,ค่ายาและเวชภัณฑ์ อวัยวะเทียม,20101010101,เจ้าหนี้ค่าสินค้าและบริการ,,,,,,,,,,,,,,,,,,,,,,,,,,,,,,,,,,,,,,,,,,,,,,,,,,,,,
187,โครงการฯ คณะแพทยศาสตร์ฯ พวช.ภ.0360/63-65,โครงการต่อเนื่อง,บริษัท ดีเคเอสเอช (ประเทศไทย) จำกัด,2020-08-31," 152,828.10 ",50301020321,ค่ายาและเวชภัณฑ์ อวัยวะเทียม,20101010101,เจ้าหนี้ค่าสินค้าและบริการ,,,,,,,,,,,,,,,,,,,,,,,,,,,,,,,,,,,,,,,,,,,,,,,,,,,,,
188,โครงการฯ คณะแพทยศาสตร์ฯ พวช.ภ.0360/63-65,โครงการต่อเนื่อง,บริษัท ดีเคเอสเอช (ประเทศไทย) จำกัด,2020-09-14," 4,165,777.50 ",50301020321,ค่ายาและเวชภัณฑ์ อวัยวะเทียม,20101010101,เจ้าหนี้ค่าสินค้าและบริการ,,,,,,,,,,,,,,,,,,,,,,,,,,,,,,,,,,,,,,,,,,,,,,,,,,,,,
189,โครงการฯ คณะแพทยศาสตร์ฯ พวช.ภ.0361/63-65,โครงการต่อเนื่อง,บริษัท ดีเคเอสเอช (ประเทศไทย) จำกัด,2020-08-21," 535,428.00 ",50301020321,ค่ายาและเวชภัณฑ์ อวัยวะเทียม,20101010101,เจ้าหนี้ค่าสินค้าและบริการ,,,,,,,,,,,,,,,,,,,,,,,,,,,,,,,,,,,,,,,,,,,,,,,,,,,,,
190,โครงการฯ คณะแพทยศาสตร์ฯ พวช.ภ.0361/63-65,โครงการต่อเนื่อง,บริษัท ดีเคเอสเอช (ประเทศไทย) จำกัด,2020-09-15," 995,314.00 ",50301020321,ค่ายาและเวชภัณฑ์ อวัยวะเทียม,20101010101,เจ้าหนี้ค่าสินค้าและบริการ,,,,,,,,,,,,,,,,,,,,,,,,,,,,,,,,,,,,,,,,,,,,,,,,,,,,,
191,โครงการฯ คณะแพทยศาสตร์ฯ พวช.ภ.0362/63-65,โครงการต่อเนื่อง,บริษัท ซิลลิค ฟาร์มา จำกัด,2020-08-31," 3,800,640.00 ",50301020321,ค่ายาและเวชภัณฑ์ อวัยวะเทียม,20101010101,เจ้าหนี้ค่าสินค้าและบริการ,,,,,,,,,,,,,,,,,,,,,,,,,,,,,,,,,,,,,,,,,,,,,,,,,,,,,
192,โครงการฯ คณะแพทยศาสตร์ฯ พวช.ภ.0362/63-65,โครงการต่อเนื่อง,บริษัท ซิลลิค ฟาร์มา จำกัด,2020-09-14," 12,114,540.00 ",50301020321,ค่ายาและเวชภัณฑ์ อวัยวะเทียม,20101010101,เจ้าหนี้ค่าสินค้าและบริการ,,,,,,,,,,,,,,,,,,,,,,,,,,,,,,,,,,,,,,,,,,,,,,,,,,,,,
193,โครงการฯ คณะแพทยศาสตร์ฯ พวช.ภ.0363/63-65,โครงการต่อเนื่อง,บริษัท ไบโอฟาร์ม เคมิคัลส์ จำกัด,2020-08-28," 900,000.00 ",50301020321,ค่ายาและเวชภัณฑ์ อวัยวะเทียม,20101010101,เจ้าหนี้ค่าสินค้าและบริการ,,,,,,,,,,,,,,,,,,,,,,,,,,,,,,,,,,,,,,,,,,,,,,,,,,,,,
194,โครงการฯ คณะแพทยศาสตร์ฯ พวช.ภ.0364/63-65,โครงการต่อเนื่อง,บริษัท ซิลลิค ฟาร์มา จำกัด,2020-08-17," 245,353.60 ",50301020321,ค่ายาและเวชภัณฑ์ อวัยวะเทียม,20101010101,เจ้าหนี้ค่าสินค้าและบริการ,,,,,,,,,,,,,,,,,,,,,,,,,,,,,,,,,,,,,,,,,,,,,,,,,,,,,
195,โครงการฯ คณะแพทยศาสตร์ฯ พวช.ภ.0364/63-65,โครงการต่อเนื่อง,บริษัท ซิลลิค ฟาร์มา จำกัด,2020-08-21," 113,141.80 ",50301020321,ค่ายาและเวชภัณฑ์ อวัยวะเทียม,20101010101,เจ้าหนี้ค่าสินค้าและบริการ,,,,,,,,,,,,,,,,,,,,,,,,,,,,,,,,,,,,,,,,,,,,,,,,,,,,,
196,โครงการฯ คณะแพทยศาสตร์ฯ พวช.ภ.0364/63-65,โครงการต่อเนื่อง,บริษัท ซิลลิค ฟาร์มา จำกัด,2020-09-09," 862,203.90 ",50301020321,ค่ายาและเวชภัณฑ์ อวัยวะเทียม,20101010101,เจ้าหนี้ค่าสินค้าและบริการ,,,,,,,,,,,,,,,,,,,,,,,,,,,,,,,,,,,,,,,,,,,,,,,,,,,,,
197,โครงการฯ คณะแพทยศาสตร์ฯ พวช.ภ.0364/63-65,โครงการต่อเนื่อง,บริษัท ซิลลิค ฟาร์มา จำกัด,2020-09-14," 408,457.60 ",50301020321,ค่ายาและเวชภัณฑ์ อวัยวะเทียม,20101010101,เจ้าหนี้ค่าสินค้าและบริการ,,,,,,,,,,,,,,,,,,,,,,,,,,,,,,,,,,,,,,,,,,,,,,,,,,,,,
198,โครงการฯ คณะแพทยศาสตร์ฯ พวช.ภ.0364/63-65,โครงการต่อเนื่อง,บริษัท ซิลลิค ฟาร์มา จำกัด,2020-06-15," 50,504.00 ",50301020321,ค่ายาและเวชภัณฑ์ อวัยวะเทียม,20101010101,เจ้าหนี้ค่าสินค้าและบริการ,,,,,,,,,,,,,,,,,,,,,,,,,,,,,,,,,,,,,,,,,,,,,,,,,,,,,
199,โครงการฯ คณะแพทยศาสตร์ฯ พวช.ภ.0364/63-65,โครงการต่อเนื่อง,บริษัท ซิลลิค ฟาร์มา จำกัด,2020-09-17," 270,924.00 ",50301020321,ค่ายาและเวชภัณฑ์ อวัยวะเทียม,20101010101,เจ้าหนี้ค่าสินค้าและบริการ,,,,,,,,,,,,,,,,,,,,,,,,,,,,,,,,,,,,,,,,,,,,,,,,,,,,,
200,โครงการฯ คณะแพทยศาสตร์ฯ พวช.ภ.0364/63-65,โครงการต่อเนื่อง,บริษัท ซิลลิค ฟาร์มา จำกัด,2020-09-17," 129,555.60 ",50301020321,ค่ายาและเวชภัณฑ์ อวัยวะเทียม,20101010101,เจ้าหนี้ค่าสินค้าและบริการ,,,,,,,,,,,,,,,,,,,,,,,,,,,,,,,,,,,,,,,,,,,,,,,,,,,,,
201,โครงการฯ คณะแพทยศาสตร์ฯ พวช.ภ.0365/63-65,โครงการต่อเนื่อง,บริษัท ดีเคเอสเอช (ประเทศไทย) จำกัด,2020-08-18," 350,692.50 ",50301020321,ค่ายาและเวชภัณฑ์ อวัยวะเทียม,20101010101,เจ้าหนี้ค่าสินค้าและบริการ,,,,,,,,,,,,,,,,,,,,,,,,,,,,,,,,,,,,,,,,,,,,,,,,,,,,,
202,โครงการฯ คณะแพทยศาสตร์ฯ พวช.ภ.0365/63-65,โครงการต่อเนื่อง,บริษัท ดีเคเอสเอช (ประเทศไทย) จำกัด,2020-08-24," 259,705.60 ",50301020321,ค่ายาและเวชภัณฑ์ อวัยวะเทียม,20101010101,เจ้าหนี้ค่าสินค้าและบริการ,,,,,,,,,,,,,,,,,,,,,,,,,,,,,,,,,,,,,,,,,,,,,,,,,,,,,
203,โครงการฯ คณะแพทยศาสตร์ฯ พวช.ภ.0365/63-65,โครงการต่อเนื่อง,บริษัท ดีเคเอสเอช (ประเทศไทย) จำกัด,2020-08-28," 104,902.80 ",50301020321,ค่ายาและเวชภัณฑ์ อวัยวะเทียม,20101010101,เจ้าหนี้ค่าสินค้าและบริการ,,,,,,,,,,,,,,,,,,,,,,,,,,,,,,,,,,,,,,,,,,,,,,,,,,,,,
204,โครงการฯ คณะแพทยศาสตร์ฯ พวช.ภ.0365/63-65,โครงการต่อเนื่อง,บริษัท ดีเคเอสเอช (ประเทศไทย) จำกัด,2020-09-08," 17,828.34 ",50301020321,ค่ายาและเวชภัณฑ์ อวัยวะเทียม,20101010101,เจ้าหนี้ค่าสินค้าและบริการ,,,,,,,,,,,,,,,,,,,,,,,,,,,,,,,,,,,,,,,,,,,,,,,,,,,,,
205,โครงการฯ คณะแพทยศาสตร์ฯ พวช.ภ.0365/63-65,โครงการต่อเนื่อง,บริษัท ดีเคเอสเอช (ประเทศไทย) จำกัด,2020-09-17," 1,733,536.24 ",50301020321,ค่ายาและเวชภัณฑ์ อวัยวะเทียม,20101010101,เจ้าหนี้ค่าสินค้าและบริการ,,,,,,,,,,,,,,,,,,,,,,,,,,,,,,,,,,,,,,,,,,,,,,,,,,,,,
206,โครงการฯ คณะแพทยศาสตร์ฯ พวช.ภ.0366/63-65,โครงการต่อเนื่อง,บริษัท บี.เอ็ล.ฮั้ว จำกัด,2020-08-28," 198,042.00 ",50301020321,ค่ายาและเวชภัณฑ์ อวัยวะเทียม,20101010101,เจ้าหนี้ค่าสินค้าและบริการ,,,,,,,,,,,,,,,,,,,,,,,,,,,,,,,,,,,,,,,,,,,,,,,,,,,,,
207,โครงการฯ คณะแพทยศาสตร์ฯ พวช.ภ.0366/63-65,โครงการต่อเนื่อง,บริษัท บี.เอ็ล.ฮั้ว จำกัด,2020-09-14," 893,542.00 ",50301020321,ค่ายาและเวชภัณฑ์ อวัยวะเทียม,20101010101,เจ้าหนี้ค่าสินค้าและบริการ,,,,,,,,,,,,,,,,,,,,,,,,,,,,,,,,,,,,,,,,,,,,,,,,,,,,,
208,โครงการฯ คณะแพทยศาสตร์ฯ พวช.ภ.0367/63-65,โครงการต่อเนื่อง,บริษัท แปซิฟิค เฮลธ์แคร์ (ไทยแลนด์) จำกัด,2020-08-14," 642,000.00 ",50301020321,ค่ายาและเวชภัณฑ์ อวัยวะเทียม,20101010101,เจ้าหนี้ค่าสินค้าและบริการ,,,,,,,,,,,,,,,,,,,,,,,,,,,,,,,,,,,,,,,,,,,,,,,,,,,,,
209,โครงการฯ คณะแพทยศาสตร์ฯ พวช.ภ.0367/63-65,โครงการต่อเนื่อง,บริษัท แปซิฟิค เฮลธ์แคร์ (ไทยแลนด์) จำกัด,2020-09-08," 735,090.00 ",50301020321,ค่ายาและเวชภัณฑ์ อวัยวะเทียม,20101010101,เจ้าหนี้ค่าสินค้าและบริการ,,,,,,,,,,,,,,,,,,,,,,,,,,,,,,,,,,,,,,,,,,,,,,,,,,,,,
210,โครงการฯ คณะแพทยศาสตร์ฯ พวช.ภ.0367/63-65,โครงการต่อเนื่อง,บริษัท แปซิฟิค เฮลธ์แคร์ (ไทยแลนด์) จำกัด,2020-09-11," 828,180.00 ",50301020321,ค่ายาและเวชภัณฑ์ อวัยวะเทียม,20101010101,เจ้าหนี้ค่าสินค้าและบริการ,,,,,,,,,,,,,,,,,,,,,,,,,,,,,,,,,,,,,,,,,,,,,,,,,,,,,
211,โครงการฯ คณะแพทยศาสตร์ฯ พวช.ภ.0368/63-65,โครงการต่อเนื่อง,บริษัท ซิลลิค ฟาร์มา จำกัด,2020-08-21," 114,597.00 ",50301020321,ค่ายาและเวชภัณฑ์ อวัยวะเทียม,20101010101,เจ้าหนี้ค่าสินค้าและบริการ,,,,,,,,,,,,,,,,,,,,,,,,,,,,,,,,,,,,,,,,,,,,,,,,,,,,,
212,โครงการฯ คณะแพทยศาสตร์ฯ พวช.ภ.0368/63-65,โครงการต่อเนื่อง,บริษัท ซิลลิค ฟาร์มา จำกัด,2020-09-17," 1,555,780.00 ",50301020321,ค่ายาและเวชภัณฑ์ อวัยวะเทียม,20101010101,เจ้าหนี้ค่าสินค้าและบริการ,,,,,,,,,,,,,,,,,,,,,,,,,,,,,,,,,,,,,,,,,,,,,,,,,,,,,
213,โครงการฯ คณะแพทยศาสตร์ฯ พวช.ภ.0369/63-65,โครงการต่อเนื่อง,บริษัท ซิลลิค ฟาร์มา จำกัด,2020-08-14," 786,578.40 ",50301020321,ค่ายาและเวชภัณฑ์ อวัยวะเทียม,20101010101,เจ้าหนี้ค่าสินค้าและบริการ,,,,,,,,,,,,,,,,,,,,,,,,,,,,,,,,,,,,,,,,,,,,,,,,,,,,,
214,โครงการฯ คณะแพทยศาสตร์ฯ พวช.ภ.0369/63-65,โครงการต่อเนื่อง,บริษัท ซิลลิค ฟาร์มา จำกัด,2020-08-28," 156,894.10 ",50301020321,ค่ายาและเวชภัณฑ์ อวัยวะเทียม,20101010101,เจ้าหนี้ค่าสินค้าและบริการ,,,,,,,,,,,,,,,,,,,,,,,,,,,,,,,,,,,,,,,,,,,,,,,,,,,,,
215,โครงการฯ คณะแพทยศาสตร์ฯ พวช.ภ.0369/63-65,โครงการต่อเนื่อง,บริษัท ซิลลิค ฟาร์มา จำกัด,2020-09-09," 216,696.40 ",50301020321,ค่ายาและเวชภัณฑ์ อวัยวะเทียม,20101010101,เจ้าหนี้ค่าสินค้าและบริการ,,,,,,,,,,,,,,,,,,,,,,,,,,,,,,,,,,,,,,,,,,,,,,,,,,,,,
216,โครงการฯ คณะแพทยศาสตร์ฯ พวช.ภ.0370/63-65,โครงการต่อเนื่อง,บริษัท ดีเคเอสเอช (ประเทศไทย) จำกัด,2020-08-18," 1,053,859.20 ",50301020321,ค่ายาและเวชภัณฑ์ อวัยวะเทียม,20101010101,เจ้าหนี้ค่าสินค้าและบริการ,,,,,,,,,,,,,,,,,,,,,,,,,,,,,,,,,,,,,,,,,,,,,,,,,,,,,
217,โครงการฯ คณะแพทยศาสตร์ฯ พวช.ภ.0370/63-65,โครงการต่อเนื่อง,บริษัท ดีเคเอสเอช (ประเทศไทย) จำกัด,2020-08-21," 7,115.60 ",50301020321,ค่ายาและเวชภัณฑ์ อวัยวะเทียม,20101010101,เจ้าหนี้ค่าสินค้าและบริการ,,,,,,,,,,,,,,,,,,,,,,,,,,,,,,,,,,,,,,,,,,,,,,,,,,,,,
218,โครงการฯ คณะแพทยศาสตร์ฯ พวช.ภ.0370/63-65,โครงการต่อเนื่อง,บริษัท ดีเคเอสเอช (ประเทศไทย) จำกัด,2020-08-26," 169,145.40 ",50301020321,ค่ายาและเวชภัณฑ์ อวัยวะเทียม,20101010101,เจ้าหนี้ค่าสินค้าและบริการ,,,,,,,,,,,,,,,,,,,,,,,,,,,,,,,,,,,,,,,,,,,,,,,,,,,,,
219,โครงการฯ คณะแพทยศาสตร์ฯ พวช.ภ.0370/63-65,โครงการต่อเนื่อง,บริษัท ดีเคเอสเอช (ประเทศไทย) จำกัด,2020-09-09," 864,334.20 ",50301020321,ค่ายาและเวชภัณฑ์ อวัยวะเทียม,20101010101,เจ้าหนี้ค่าสินค้าและบริการ,,,,,,,,,,,,,,,,,,,,,,,,,,,,,,,,,,,,,,,,,,,,,,,,,,,,,
220,โครงการฯ คณะแพทยศาสตร์ฯ พวช.ภ.0370/63-65,โครงการต่อเนื่อง,บริษัท ดีเคเอสเอช (ประเทศไทย) จำกัด,2020-09-17," 1,387,843.90 ",50301020321,ค่ายาและเวชภัณฑ์ อวัยวะเทียม,20101010101,เจ้าหนี้ค่าสินค้าและบริการ,,,,,,,,,,,,,,,,,,,,,,,,,,,,,,,,,,,,,,,,,,,,,,,,,,,,,
221,โครงการฯ คณะแพทยศาสตร์ฯ พวช.ภ.0371/63-65,โครงการต่อเนื่อง,บริษัท บี.เอ็ล.ฮั้ว จำกัด,2020-08-24," 537,889.00 ",50301020321,ค่ายาและเวชภัณฑ์ อวัยวะเทียม,20101010101,เจ้าหนี้ค่าสินค้าและบริการ,,,,,,,,,,,,,,,,,,,,,,,,,,,,,,,,,,,,,,,,,,,,,,,,,,,,,
222,โครงการฯ คณะแพทยศาสตร์ฯ พวช.ภ.0371/63-65,โครงการต่อเนื่อง,บริษัท บี.เอ็ล.ฮั้ว จำกัด,2020-09-14," 537,889.00 ",50301020321,ค่ายาและเวชภัณฑ์ อวัยวะเทียม,20101010101,เจ้าหนี้ค่าสินค้าและบริการ,,,,,,,,,,,,,,,,,,,,,,,,,,,,,,,,,,,,,,,,,,,,,,,,,,,,,
223,โครงการฯ คณะแพทยศาสตร์ฯ พวช.ภ.0372/63-65,โครงการต่อเนื่อง,บริษัท ซิลลิค ฟาร์มา จำกัด ,2020-08-13," 412,913.00 ",50301020321,ค่ายาและเวชภัณฑ์ อวัยวะเทียม,20101010101,เจ้าหนี้ค่าสินค้าและบริการ,,,,,,,,,,,,,,,,,,,,,,,,,,,,,,,,,,,,,,,,,,,,,,,,,,,,,
224,โครงการฯ คณะแพทยศาสตร์ฯ พวช.ภ.0372/63-65,โครงการต่อเนื่อง,บริษัท ซิลลิค ฟาร์มา จำกัด ,2020-08-18," 657,472.20 ",50301020321,ค่ายาและเวชภัณฑ์ อวัยวะเทียม,20101010101,เจ้าหนี้ค่าสินค้าและบริการ,,,,,,,,,,,,,,,,,,,,,,,,,,,,,,,,,,,,,,,,,,,,,,,,,,,,,
225,โครงการฯ คณะแพทยศาสตร์ฯ พวช.ภ.0372/63-65,โครงการต่อเนื่อง,บริษัท ซิลลิค ฟาร์มา จำกัด ,2020-09-01," 1,095,787.00 ",50301020321,ค่ายาและเวชภัณฑ์ อวัยวะเทียม,20101010101,เจ้าหนี้ค่าสินค้าและบริการ,,,,,,,,,,,,,,,,,,,,,,,,,,,,,,,,,,,,,,,,,,,,,,,,,,,,,
226,โครงการฯ คณะแพทยศาสตร์ฯ พวช.ภ.0373/63-65,โครงการต่อเนื่อง,บริษัท แปซิฟิค เฮลธ์แคร์ (ไทยแลนด์) จำกัด,2020-08-20," 19,000.00 ",50301020321,ค่ายาและเวชภัณฑ์ อวัยวะเทียม,20101010101,เจ้าหนี้ค่าสินค้าและบริการ,,,,,,,,,,,,,,,,,,,,,,,,,,,,,,,,,,,,,,,,,,,,,,,,,,,,,
227,โครงการฯ คณะแพทยศาสตร์ฯ พวช.ภ.0373/63-65,โครงการต่อเนื่อง,บริษัท แปซิฟิค เฮลธ์แคร์ (ไทยแลนด์) จำกัด,2020-09-11," 19,000.00 ",50301020321,ค่ายาและเวชภัณฑ์ อวัยวะเทียม,20101010101,เจ้าหนี้ค่าสินค้าและบริการ,,,,,,,,,,,,,,,,,,,,,,,,,,,,,,,,,,,,,,,,,,,,,,,,,,,,,
228,โครงการฯ คณะแพทยศาสตร์ฯ พวช.ภ.0374/63-65,โครงการต่อเนื่อง,บริษัท ดีเคเอสเอช (ประเทศไทย) จำกัด ,2020-08-18," 28,890.00 ",50301020321,ค่ายาและเวชภัณฑ์ อวัยวะเทียม,20101010101,เจ้าหนี้ค่าสินค้าและบริการ,,,,,,,,,,,,,,,,,,,,,,,,,,,,,,,,,,,,,,,,,,,,,,,,,,,,,
229,โครงการฯ คณะแพทยศาสตร์ฯ พวช.ภ.0374/63-65,โครงการต่อเนื่อง,บริษัท ดีเคเอสเอช (ประเทศไทย) จำกัด ,2020-09-14," 366,047.00 ",50301020321,ค่ายาและเวชภัณฑ์ อวัยวะเทียม,20101010101,เจ้าหนี้ค่าสินค้าและบริการ,,,,,,,,,,,,,,,,,,,,,,,,,,,,,,,,,,,,,,,,,,,,,,,,,,,,,
230,ค่ายาและเวชภัณฑ์ อวัยวะเทียม,ค่าวัสดุ,บริษัทดีเคเอสเอช (ประเทศไทย) จำกัด,2020-08-24," 128,239.50 ",50301020321,ค่ายาและเวชภัณฑ์ อวัยวะเทียม,20101010101,เจ้าหนี้ค่าสินค้าและบริการ,,,,,,,,,,,,,,,,,,,,,,,,,,,,,,,,,,,,,,,,,,,,,,,,,,,,,
231,ค่ายาและเวชภัณฑ์ อวัยวะเทียม,ค่าวัสดุ,บริษัทเมดไลน์ จำกัด,2020-08-25," 56,000.00 ",50301020321,ค่ายาและเวชภัณฑ์ อวัยวะเทียม,20101010101,เจ้าหนี้ค่าสินค้าและบริการ,,,,,,,,,,,,,,,,,,,,,,,,,,,,,,,,,,,,,,,,,,,,,,,,,,,,,
232,ค่ายาและเวชภัณฑ์ อวัยวะเทียม,ค่าวัสดุ,บริษัทซิลลิค ฟาร์มา จำกัด,2020-08-20," 136,746.00 ",50301020321,ค่ายาและเวชภัณฑ์ อวัยวะเทียม,20101010101,เจ้าหนี้ค่าสินค้าและบริการ,,,,,,,,,,,,,,,,,,,,,,,,,,,,,,,,,,,,,,,,,,,,,,,,,,,,,
233,ค่ายาและเวชภัณฑ์ อวัยวะเทียม,ค่าวัสดุ,บริษัทซิลลิค ฟาร์มา จำกัด,2020-08-31," 909,778.20 ",50301020321,ค่ายาและเวชภัณฑ์ อวัยวะเทียม,20101010101,เจ้าหนี้ค่าสินค้าและบริการ,,,,,,,,,,,,,,,,,,,,,,,,,,,,,,,,,,,,,,,,,,,,,,,,,,,,,
234,ค่ายาและเวชภัณฑ์ อวัยวะเทียม,ค่าวัสดุ,บริษัทซิลลิค ฟาร์มา จำกัด,2020-09-18," 732,415.00 ",50301020321,ค่ายาและเวชภัณฑ์ อวัยวะเทียม,20101010101,เจ้าหนี้ค่าสินค้าและบริการ,,,,,,,,,,,,,,,,,,,,,,,,,,,,,,,,,,,,,,,,,,,,,,,,,,,,,
235,ค่ายาและเวชภัณฑ์ อวัยวะเทียม,ค่าวัสดุ,บริษัทซิลลิค ฟาร์มา จำกัด,2020-09-17," 58,892.80 ",50301020321,ค่ายาและเวชภัณฑ์ อวัยวะเทียม,20101010101,เจ้าหนี้ค่าสินค้าและบริการ,,,,,,,,,,,,,,,,,,,,,,,,,,,,,,,,,,,,,,,,,,,,,,,,,,,,,
236,ค่ายาและเวชภัณฑ์ อวัยวะเทียม,ค่าวัสดุ,บริษัทซิลลิค ฟาร์มา จำกัด,2020-09-22," 563,034.00 ",50301020321,ค่ายาและเวชภัณฑ์ อวัยวะเทียม,20101010101,เจ้าหนี้ค่าสินค้าและบริการ,,,,,,,,,,,,,,,,,,,,,,,,,,,,,,,,,,,,,,,,,,,,,,,,,,,,,
237,ค่ายาและเวชภัณฑ์ อวัยวะเทียม,ค่าวัสดุ,บริษัทซิลลิค ฟาร์มา จำกัด,2020-09-11," 398,468.00 ",50301020321,ค่ายาและเวชภัณฑ์ อวัยวะเทียม,20101010101,เจ้าหนี้ค่าสินค้าและบริการ,,,,,,,,,,,,,,,,,,,,,,,,,,,,,,,,,,,,,,,,,,,,,,,,,,,,,
238,ค่ายาและเวชภัณฑ์ อวัยวะเทียม,ค่าวัสดุ,บริษัทดีเคเอสเอช ,2020-08-31," 298,016.40 ",50301020321,ค่ายาและเวชภัณฑ์ อวัยวะเทียม,20101010101,เจ้าหนี้ค่าสินค้าและบริการ,,,,,,,,,,,,,,,,,,,,,,,,,,,,,,,,,,,,,,,,,,,,,,,,,,,,,
239,ค่ายาและเวชภัณฑ์ อวัยวะเทียม,ค่าวัสดุ,บริษัทดีเคเอสเอช ,2020-09-29," 632,798.00 ",50301020321,ค่ายาและเวชภัณฑ์ อวัยวะเทียม,20101010101,เจ้าหนี้ค่าสินค้าและบริการ,,,,,,,,,,,,,,,,,,,,,,,,,,,,,,,,,,,,,,,,,,,,,,,,,,,,,
240,ค่ายาและเวชภัณฑ์ อวัยวะเทียม,ค่าวัสดุ,องค์การเภสัชกรรม,2020-08-27," 160,192.00 ",50301020321,ค่ายาและเวชภัณฑ์ อวัยวะเทียม,20101010101,เจ้าหนี้ค่าสินค้าและบริการ,,,,,,,,,,,,,,,,,,,,,,,,,,,,,,,,,,,,,,,,,,,,,,,,,,,,,
241,ค่ายาและเวชภัณฑ์ อวัยวะเทียม,ค่าวัสดุ,องค์การเภสัชกรรม,2020-09-02," 635,906.35 ",50301020321,ค่ายาและเวชภัณฑ์ อวัยวะเทียม,20101010101,เจ้าหนี้ค่าสินค้าและบริการ,,,,,,,,,,,,,,,,,,,,,,,,,,,,,,,,,,,,,,,,,,,,,,,,,,,,,
242,ค่ายาและเวชภัณฑ์ อวัยวะเทียม,ค่าวัสดุ,องค์การเภสัชกรรม,2020-09-08," 203,780.00 ",50301020321,ค่ายาและเวชภัณฑ์ อวัยวะเทียม,20101010101,เจ้าหนี้ค่าสินค้าและบริการ,,,,,,,,,,,,,,,,,,,,,,,,,,,,,,,,,,,,,,,,,,,,,,,,,,,,,
243,ค่ายาและเวชภัณฑ์ อวัยวะเทียม,ค่าวัสดุ,องค์การเภสัชกรรม,2020-09-11," 3,300.00 ",50301020321,ค่ายาและเวชภัณฑ์ อวัยวะเทียม,20101010101,เจ้าหนี้ค่าสินค้าและบริการ,,,,,,,,,,,,,,,,,,,,,,,,,,,,,,,,,,,,,,,,,,,,,,,,,,,,,
244,ค่ายาและเวชภัณฑ์ อวัยวะเทียม,ค่าวัสดุ,องค์การเภสัชกรรม,2020-09-14," 46,000.00 ",50301020321,ค่ายาและเวชภัณฑ์ อวัยวะเทียม,20101010101,เจ้าหนี้ค่าสินค้าและบริการ,,,,,,,,,,,,,,,,,,,,,,,,,,,,,,,,,,,,,,,,,,,,,,,,,,,,,
245,ค่ายาและเวชภัณฑ์ อวัยวะเทียม,ค่าวัสดุ,บริษัทเกร๊ทเตอร์มายบาซิน จำกัด,2020-08-20," 75,435.00 ",50301020321,ค่ายาและเวชภัณฑ์ อวัยวะเทียม,20101010101,เจ้าหนี้ค่าสินค้าและบริการ,,,,,,,,,,,,,,,,,,,,,,,,,,,,,,,,,,,,,,,,,,,,,,,,,,,,,
246, ใบสั่งซื้อ 1C07-04/2563, ค่าวัสดุ, บริษัท ดีเคเอสเอช (ประเทศไทย) จำกัด,2020-09-16," 214,000.00 ",50301020321,ค่ายาและเวชภัณฑ์ อวัยวะเทียม,20101010101,เจ้าหนี้ค่าสินค้าและบริการ,,,,,,,,,,,,,,,,,,,,,,,,,,,,,,,,,,,,,,,,,,,,,,,,,,,,,
247, ใบสั่งซื้อ 1C11-04/2563, ค่าวัสดุ, บริษัท เจ เอส วิชั่น จำกัด,2020-07-22," 6,711.04 ",50301020321,ค่ายาและเวชภัณฑ์ อวัยวะเทียม,20101010101,เจ้าหนี้ค่าสินค้าและบริการ,,,,,,,,,,,,,,,,,,,,,,,,,,,,,,,,,,,,,,,,,,,,,,,,,,,,,
248, ใบสั่งซื้อ 1C49-06/2563, ค่าวัสดุ, บริษัท เมดดิก้า จำกัด,2020-06-15," 127,200.00 ",50301020321,ค่ายาและเวชภัณฑ์ อวัยวะเทียม,20101010101,เจ้าหนี้ค่าสินค้าและบริการ,,,,,,,,,,,,,,,,,,,,,,,,,,,,,,,,,,,,,,,,,,,,,,,,,,,,,
249, ใบสั่งซื้อ 1C49-07/2563, ค่าวัสดุ, บริษัท เมดดิก้า จำกัด,2020-08-03," 186,030.00 ",50301020321,ค่ายาและเวชภัณฑ์ อวัยวะเทียม,20101010101,เจ้าหนี้ค่าสินค้าและบริการ,,,,,,,,,,,,,,,,,,,,,,,,,,,,,,,,,,,,,,,,,,,,,,,,,,,,,
250, ใบสั่งซื้อ 1C94-04/2563, ค่าวัสดุ, บริษัท ดีเคเอสเอช (ประเทศไทย) จำกัด,2020-08-17," 642,000.00 ",50301020321,ค่ายาและเวชภัณฑ์ อวัยวะเทียม,20101010101,เจ้าหนี้ค่าสินค้าและบริการ,,,,,,,,,,,,,,,,,,,,,,,,,,,,,,,,,,,,,,,,,,,,,,,,,,,,,
251, ใบสั่งซื้อ 1C133-02/2563, ค่าวัสดุ, บริษัท เทคโนเมดิคัล จำกัด (มหาชน),2020-07-24," 130,000.00 ",50301020321,ค่ายาและเวชภัณฑ์ อวัยวะเทียม,20101010101,เจ้าหนี้ค่าสินค้าและบริการ,,,,,,,,,,,,,,,,,,,,,,,,,,,,,,,,,,,,,,,,,,,,,,,,,,,,,
252, ใบสั่งซื้อ 1C133-03/2563, ค่าวัสดุ, บริษัท เทคโนเมดิคัล จำกัด (มหาชน),2020-09-05," 130,000.00 ",50301020321,ค่ายาและเวชภัณฑ์ อวัยวะเทียม,20101010101,เจ้าหนี้ค่าสินค้าและบริการ,,,,,,,,,,,,,,,,,,,,,,,,,,,,,,,,,,,,,,,,,,,,,,,,,,,,,
253, ใบสั่งซื้อ 1C133-04/2563, ค่าวัสดุ, บริษัท เทคโนเมดิคัล จำกัด (มหาชน),2020-09-26," 123,500.00 ",50301020321,ค่ายาและเวชภัณฑ์ อวัยวะเทียม,20101010101,เจ้าหนี้ค่าสินค้าและบริการ,,,,,,,,,,,,,,,,,,,,,,,,,,,,,,,,,,,,,,,,,,,,,,,,,,,,,
254, ใบสั่งซื้อ 1C41-02/2563, ค่าวัสดุ, บริษัท บอสตัน ไซเอนทิฟิค (ประเทศไทย) จำกัด,2020-09-21," 14,999.26 ",50301020321,ค่ายาและเวชภัณฑ์ อวัยวะเทียม,20101010101,เจ้าหนี้ค่าสินค้าและบริการ,,,,,,,,,,,,,,,,,,,,,,,,,,,,,,,,,,,,,,,,,,,,,,,,,,,,,
255, ใบสั่งซื้อ 1C46-06/2563, ค่าวัสดุ, บริษัท เอฟ.ซี.พี. จำกัด,2020-08-26," 33,000.00 ",50301020321,ค่ายาและเวชภัณฑ์ อวัยวะเทียม,20101010101,เจ้าหนี้ค่าสินค้าและบริการ,,,,,,,,,,,,,,,,,,,,,,,,,,,,,,,,,,,,,,,,,,,,,,,,,,,,,
256, ใบสั่งซื้อ 1C46-07/2563, ค่าวัสดุ, บริษัท เอฟ.ซี.พี. จำกัด,2020-09-18," 17,220.00 ",50301020321,ค่ายาและเวชภัณฑ์ อวัยวะเทียม,20101010101,เจ้าหนี้ค่าสินค้าและบริการ,,,,,,,,,,,,,,,,,,,,,,,,,,,,,,,,,,,,,,,,,,,,,,,,,,,,,
257, ใบสั่งซื้อ 1C47-02/2563, ค่าวัสดุ, บริษัท สหแพทย์เภสัช จำกัด,2020-09-21," 34,000.00 ",50301020321,ค่ายาและเวชภัณฑ์ อวัยวะเทียม,20101010101,เจ้าหนี้ค่าสินค้าและบริการ,,,,,,,,,,,,,,,,,,,,,,,,,,,,,,,,,,,,,,,,,,,,,,,,,,,,,
258, ใบสั่งซื้อ 1C92-02/2563, ค่าวัสดุ, บริษัท บอสตัน ไซเอนทิฟิค (ประเทศไทย) จำกัด,2020-09-30," 64,735.00 ",50301020321,ค่ายาและเวชภัณฑ์ อวัยวะเทียม,20101010101,เจ้าหนี้ค่าสินค้าและบริการ,,,,,,,,,,,,,,,,,,,,,,,,,,,,,,,,,,,,,,,,,,,,,,,,,,,,,
259, ใบสั่งซื้อ 1C152-01/2563, ค่าวัสดุ, บริษัท โอลิมปัส (ประเทศไทย) จำกัด,2020-08-10," 64,730.00 ",50301020321,ค่ายาและเวชภัณฑ์ อวัยวะเทียม,20101010101,เจ้าหนี้ค่าสินค้าและบริการ,,,,,,,,,,,,,,,,,,,,,,,,,,,,,,,,,,,,,,,,,,,,,,,,,,,,,
260, ใบสั่งซื้อ 1C152-02/2563, ค่าวัสดุ, บริษัท โอลิมปัส (ประเทศไทย) จำกัด,2020-09-25," 30,460.00 ",50301020321,ค่ายาและเวชภัณฑ์ อวัยวะเทียม,20101010101,เจ้าหนี้ค่าสินค้าและบริการ,,,,,,,,,,,,,,,,,,,,,,,,,,,,,,,,,,,,,,,,,,,,,,,,,,,,,
261, ใบสั่งซื้อ 1C18-05/2563, ค่าวัสดุ, บริษัท ไทย เมด-เทค จำกัด,2020-08-28," 174,900.00 ",50301020321,ค่ายาและเวชภัณฑ์ อวัยวะเทียม,20101010101,เจ้าหนี้ค่าสินค้าและบริการ,,,,,,,,,,,,,,,,,,,,,,,,,,,,,,,,,,,,,,,,,,,,,,,,,,,,,
262, ใบสั่งซื้อ 1C29-09/2563, ค่าวัสดุ, บริษัท แอ๊บบอต ลาบอแรตอรีส จำกัด,2020-08-17," 373,750.00 ",50301020321,ค่ายาและเวชภัณฑ์ อวัยวะเทียม,20101010101,เจ้าหนี้ค่าสินค้าและบริการ,,,,,,,,,,,,,,,,,,,,,,,,,,,,,,,,,,,,,,,,,,,,,,,,,,,,,
263, ใบสั่งซื้อ 1C29-10/2563, ค่าวัสดุ, บริษัท แอ๊บบอต ลาบอแรตอรีส จำกัด,2020-09-08," 431,250.00 ",50301020321,ค่ายาและเวชภัณฑ์ อวัยวะเทียม,20101010101,เจ้าหนี้ค่าสินค้าและบริการ,,,,,,,,,,,,,,,,,,,,,,,,,,,,,,,,,,,,,,,,,,,,,,,,,,,,,
264, ใบสั่งซื้อ 1C33-04/2563, ค่าวัสดุ, บริษัท ไทย เมด-เทค จำกัด,2020-08-28," 140,000.00 ",50301020321,ค่ายาและเวชภัณฑ์ อวัยวะเทียม,20101010101,เจ้าหนี้ค่าสินค้าและบริการ,,,,,,,,,,,,,,,,,,,,,,,,,,,,,,,,,,,,,,,,,,,,,,,,,,,,,
265, ใบสั่งซื้อ 1C34-03/2563, ค่าวัสดุ, บริษัท ไทย เมด-เทค จำกัด,2020-08-28," 92,000.00 ",50301020321,ค่ายาและเวชภัณฑ์ อวัยวะเทียม,20101010101,เจ้าหนี้ค่าสินค้าและบริการ,,,,,,,,,,,,,,,,,,,,,,,,,,,,,,,,,,,,,,,,,,,,,,,,,,,,,
266, ใบสั่งซื้อ 1C39-04/2563, ค่าวัสดุ, บริษัท ฟาโวริกา จำกัด,2020-08-18," 60,000.00 ",50301020321,ค่ายาและเวชภัณฑ์ อวัยวะเทียม,20101010101,เจ้าหนี้ค่าสินค้าและบริการ,,,,,,,,,,,,,,,,,,,,,,,,,,,,,,,,,,,,,,,,,,,,,,,,,,,,,
267, ใบสั่งซื้อ 1C40-03/2563, ค่าวัสดุ, บริษัท ซิลลิค ฟาร์มา จำกัด,2020-08-18," 232,000.00 ",50301020321,ค่ายาและเวชภัณฑ์ อวัยวะเทียม,20101010101,เจ้าหนี้ค่าสินค้าและบริการ,,,,,,,,,,,,,,,,,,,,,,,,,,,,,,,,,,,,,,,,,,,,,,,,,,,,,
268, ใบสั่งซื้อ 1C40-04/2563, ค่าวัสดุ, บริษัท ซิลลิค ฟาร์มา จำกัด,2020-09-01," 29,000.00 ",50301020321,ค่ายาและเวชภัณฑ์ อวัยวะเทียม,20101010101,เจ้าหนี้ค่าสินค้าและบริการ,,,,,,,,,,,,,,,,,,,,,,,,,,,,,,,,,,,,,,,,,,,,,,,,,,,,,
269, ใบสั่งซื้อ 1C76-03/2563, ค่าวัสดุ, บริษัท บอสตัน ไซเอนทิฟิค (ประเทศไทย) จำกัด,2020-08-17," 94,500.00 ",50301020321,ค่ายาและเวชภัณฑ์ อวัยวะเทียม,20101010101,เจ้าหนี้ค่าสินค้าและบริการ,,,,,,,,,,,,,,,,,,,,,,,,,,,,,,,,,,,,,,,,,,,,,,,,,,,,,
270, ใบสั่งซื้อ 1C82-07/2563, ค่าวัสดุ, บริษัท กู๊ด เฮลธ์ ฟาร์มาซูติคอล จำกัด,2020-08-03," 464,000.00 ",50301020321,ค่ายาและเวชภัณฑ์ อวัยวะเทียม,20101010101,เจ้าหนี้ค่าสินค้าและบริการ,,,,,,,,,,,,,,,,,,,,,,,,,,,,,,,,,,,,,,,,,,,,,,,,,,,,,
271, ใบสั่งซื้อ 1C82-08/2563, ค่าวัสดุ, บริษัท กู๊ด เฮลธ์ ฟาร์มาซูติคอล จำกัด,2020-08-31," 29,000.00 ",50301020321,ค่ายาและเวชภัณฑ์ อวัยวะเทียม,20101010101,เจ้าหนี้ค่าสินค้าและบริการ,,,,,,,,,,,,,,,,,,,,,,,,,,,,,,,,,,,,,,,,,,,,,,,,,,,,,
272, ใบสั่งซื้อ 1C122-01/2563, ค่าวัสดุ, บริษัท บอสตัน ไซเอนทิฟิค (ประเทศไทย) จำกัด,2020-08-03," 42,800.00 ",50301020321,ค่ายาและเวชภัณฑ์ อวัยวะเทียม,20101010101,เจ้าหนี้ค่าสินค้าและบริการ,,,,,,,,,,,,,,,,,,,,,,,,,,,,,,,,,,,,,,,,,,,,,,,,,,,,,
273, ใบสั่งซื้อ 1C199-01/2563, ค่าวัสดุ, บริษัท จอห์นสัน แอนด์ จอห์นสัน (ไทย) จำกัด,2020-07-20," 54,450.00 ",50301020321,ค่ายาและเวชภัณฑ์ อวัยวะเทียม,20101010101,เจ้าหนี้ค่าสินค้าและบริการ,,,,,,,,,,,,,,,,,,,,,,,,,,,,,,,,,,,,,,,,,,,,,,,,,,,,,
274, ใบสั่งซื้อ 1C70-03/2563, ค่าวัสดุ, บริษัท เรียลเมด จำกัด,2020-08-28," 149,140.00 ",50301020321,ค่ายาและเวชภัณฑ์ อวัยวะเทียม,20101010101,เจ้าหนี้ค่าสินค้าและบริการ,,,,,,,,,,,,,,,,,,,,,,,,,,,,,,,,,,,,,,,,,,,,,,,,,,,,,
275, ใบสั่งซื้อ 1C102-01/2563, ค่าวัสดุ, บริษัท ไอวีเอฟ เอนวายเมด จำกัด,2020-06-22," 166,920.00 ",50301020321,ค่ายาและเวชภัณฑ์ อวัยวะเทียม,20101010101,เจ้าหนี้ค่าสินค้าและบริการ,,,,,,,,,,,,,,,,,,,,,,,,,,,,,,,,,,,,,,,,,,,,,,,,,,,,,
276, ใบสั่งซื้อ 1C106-04/2563, ค่าวัสดุ, บริษัท บางกอกยูนิเทรด จำกัด,2020-08-28," 169,050.00 ",50301020321,ค่ายาและเวชภัณฑ์ อวัยวะเทียม,20101010101,เจ้าหนี้ค่าสินค้าและบริการ,,,,,,,,,,,,,,,,,,,,,,,,,,,,,,,,,,,,,,,,,,,,,,,,,,,,,
277, ใบสั่งซื้อ 1C143-06/2563, ค่าวัสดุ, บริษัท ทรานส์เมดิค (ประเทศไทย) จำกัด,2020-08-11," 85,750.00 ",50301020321,ค่ายาและเวชภัณฑ์ อวัยวะเทียม,20101010101,เจ้าหนี้ค่าสินค้าและบริการ,,,,,,,,,,,,,,,,,,,,,,,,,,,,,,,,,,,,,,,,,,,,,,,,,,,,,
278, ใบสั่งซื้อ 1C162-03/2563, ค่าวัสดุ, บริษัท จอห์นสัน แอนด์ จอห์นสัน (ไทย) จำกัด,2020-08-11," 284,620.00 ",50301020321,ค่ายาและเวชภัณฑ์ อวัยวะเทียม,20101010101,เจ้าหนี้ค่าสินค้าและบริการ,,,,,,,,,,,,,,,,,,,,,,,,,,,,,,,,,,,,,,,,,,,,,,,,,,,,,
279, ใบสั่งซื้อ 1C172-03/2563, ค่าวัสดุ, บริษัท รักไทย เทคโนโลยี จำกัด,2020-08-11," 270,000.00 ",50301020321,ค่ายาและเวชภัณฑ์ อวัยวะเทียม,20101010101,เจ้าหนี้ค่าสินค้าและบริการ,,,,,,,,,,,,,,,,,,,,,,,,,,,,,,,,,,,,,,,,,,,,,,,,,,,,,
280, ใบสั่งซื้อ 1C228-03/2563, ค่าวัสดุ, บริษัท ซิลลิค ฟาร์มา จำกัด,2020-09-28," 58,871.40 ",50301020321,ค่ายาและเวชภัณฑ์ อวัยวะเทียม,20101010101,เจ้าหนี้ค่าสินค้าและบริการ,,,,,,,,,,,,,,,,,,,,,,,,,,,,,,,,,,,,,,,,,,,,,,,,,,,,,
281, ใบสั่งซื้อ 1C103-03/2563, ค่าวัสดุ, บริษัท เกท์ทิงเก (ไทยแลนด์) จำกัด,2020-08-28," 20,800.00 ",50301020321,ค่ายาและเวชภัณฑ์ อวัยวะเทียม,20101010101,เจ้าหนี้ค่าสินค้าและบริการ,,,,,,,,,,,,,,,,,,,,,,,,,,,,,,,,,,,,,,,,,,,,,,,,,,,,,
282, ใบสั่งซื้อ 1C282-03/2563, ค่าวัสดุ, บริษัท เอ็มพี เมดกรุ๊ป จำกัด,2020-09-03," 687,570.00 ",50301020321,ค่ายาและเวชภัณฑ์ อวัยวะเทียม,20101010101,เจ้าหนี้ค่าสินค้าและบริการ,,,,,,,,,,,,,,,,,,,,,,,,,,,,,,,,,,,,,,,,,,,,,,,,,,,,,
283, ใบสั่งซื้อ 1C286-01/2563, ค่าวัสดุ, บริษัท อี ฟอร์ แอล เอม จำกัด (มหาชน),2020-07-17," 30,000.00 ",50301020321,ค่ายาและเวชภัณฑ์ อวัยวะเทียม,20101010101,เจ้าหนี้ค่าสินค้าและบริการ,,,,,,,,,,,,,,,,,,,,,,,,,,,,,,,,,,,,,,,,,,,,,,,,,,,,,
284, ใบสั่งซื้อ 1C317-02/2563, ค่าวัสดุ, บริษัท โนว่า เฮลธ์แคร์ จำกัด,2020-07-31," 14,721.06 ",50301020321,ค่ายาและเวชภัณฑ์ อวัยวะเทียม,20101010101,เจ้าหนี้ค่าสินค้าและบริการ,,,,,,,,,,,,,,,,,,,,,,,,,,,,,,,,,,,,,,,,,,,,,,,,,,,,,
285, ใบสั่งซื้อ 1C12-01/2563, ค่าวัสดุ, บริษัท ดีเคเอสเอช (ประเทศไทย) จำกัด,2020-09-07," 62,060.00 ",50301020321,ค่ายาและเวชภัณฑ์ อวัยวะเทียม,20101010101,เจ้าหนี้ค่าสินค้าและบริการ,,,,,,,,,,,,,,,,,,,,,,,,,,,,,,,,,,,,,,,,,,,,,,,,,,,,,
286, ใบสั่งซื้อ 1C22-04/2563, ค่าวัสดุ, บริษัท ดีเคเอสเอช (ประเทศไทย) จำกัด,2020-09-14," 78,752.00 ",50301020321,ค่ายาและเวชภัณฑ์ อวัยวะเทียม,20101010101,เจ้าหนี้ค่าสินค้าและบริการ,,,,,,,,,,,,,,,,,,,,,,,,,,,,,,,,,,,,,,,,,,,,,,,,,,,,,
287, ใบสั่งซื้อ 1C200-02, ค่าวัสดุ, บริษัท ดีเคเอสเอช (ประเทศไทย) จำกัด,2020-09-14," 11,700.00 ",50301020321,ค่ายาและเวชภัณฑ์ อวัยวะเทียม,20101010101,เจ้าหนี้ค่าสินค้าและบริการ,,,,,,,,,,,,,,,,,,,,,,,,,,,,,,,,,,,,,,,,,,,,,,,,,,,,,
288, ใบสั่งซื้อ 1C02-01/2563, ค่าวัสดุ, บริษัท เฟรซีเนียส เมดิคอล แคร์ จำกัด,2020-08-04," 446,117.50 ",50301020321,ค่ายาและเวชภัณฑ์ อวัยวะเทียม,20101010101,เจ้าหนี้ค่าสินค้าและบริการ,,,,,,,,,,,,,,,,,,,,,,,,,,,,,,,,,,,,,,,,,,,,,,,,,,,,,
289, ใบสั่งซื้อ 1C290-03/2563, ค่าวัสดุ, บริษัท บอสตัน ไซเอนทิฟิค (ประเทศไทย) จำกัด,2020-08-21," 263,500.00 ",50301020321,ค่ายาและเวชภัณฑ์ อวัยวะเทียม,20101010101,เจ้าหนี้ค่าสินค้าและบริการ,,,,,,,,,,,,,,,,,,,,,,,,,,,,,,,,,,,,,,,,,,,,,,,,,,,,,
290, ใบสั่งซื้อ 1C255-02/2563, ค่าวัสดุ, บริษัท อินโนเมดดิ ดีไวเซส จำกัด,2020-07-23," 38,000.00 ",50301020321,ค่ายาและเวชภัณฑ์ อวัยวะเทียม,20101010101,เจ้าหนี้ค่าสินค้าและบริการ,,,,,,,,,,,,,,,,,,,,,,,,,,,,,,,,,,,,,,,,,,,,,,,,,,,,,
291, ใบสั่งซื้อ 1C01-02/2563, ค่าวัสดุ, บริษัท ไตรวิวัฒน์ อินเตอร์เทรด จำกัด,2020-09-21," 75,600.00 ",50301020321,ค่ายาและเวชภัณฑ์ อวัยวะเทียม,20101010101,เจ้าหนี้ค่าสินค้าและบริการ,,,,,,,,,,,,,,,,,,,,,,,,,,,,,,,,,,,,,,,,,,,,,,,,,,,,,
292, ใบสั่งซื้อ 1C100-06/2563, ค่าวัสดุ, บริษัท ดีเคเอสเอช (ประเทศไทย) จำกัด,2020-07-27," 75,000.00 ",50301020321,ค่ายาและเวชภัณฑ์ อวัยวะเทียม,20101010101,เจ้าหนี้ค่าสินค้าและบริการ,,,,,,,,,,,,,,,,,,,,,,,,,,,,,,,,,,,,,,,,,,,,,,,,,,,,,
293, ใบสั่งซื้อ 1C191-01/2563, ค่าวัสดุ, บริษัท ดีเคเอสเอช (ประเทศไทย) จำกัด,2020-09-16," 35,310.00 ",50301020321,ค่ายาและเวชภัณฑ์ อวัยวะเทียม,20101010101,เจ้าหนี้ค่าสินค้าและบริการ,,,,,,,,,,,,,,,,,,,,,,,,,,,,,,,,,,,,,,,,,,,,,,,,,,,,,
294, ใบสั่งซื้อ 1CR303-01/2563, ค่าวัสดุ, บริษัท ดีเคเอสเอช (ประเทศไทย) จำกัด,2020-08-04," 166,920.00 ",50301020321,ค่ายาและเวชภัณฑ์ อวัยวะเทียม,20101010101,เจ้าหนี้ค่าสินค้าและบริการ,,,,,,,,,,,,,,,,,,,,,,,,,,,,,,,,,,,,,,,,,,,,,,,,,,,,,
295, ใบสั่งซื้อ 1C155-01/2563, ค่าวัสดุ, บริษัท ดับบลิวเอส เมดิกา จำกัด,2020-07-24," 149,850.00 ",50301020321,ค่ายาและเวชภัณฑ์ อวัยวะเทียม,20101010101,เจ้าหนี้ค่าสินค้าและบริการ,,,,,,,,,,,,,,,,,,,,,,,,,,,,,,,,,,,,,,,,,,,,,,,,,,,,,
296, ใบสั่งซื้อ 1C212-02/2563, ค่าวัสดุ, บริษัท ฟินิกซ์ เซอร์จิคัล อิควิปเม้นท์ (ประเทศไทย) จำกัด,2020-08-06," 102,292.00 ",50301020321,ค่ายาและเวชภัณฑ์ อวัยวะเทียม,20101010101,เจ้าหนี้ค่าสินค้าและบริการ,,,,,,,,,,,,,,,,,,,,,,,,,,,,,,,,,,,,,,,,,,,,,,,,,,,,,
297, ใบสั่งซื้อ 1C213-02/2563, ค่าวัสดุ, บริษัท ฟินิกซ์ เซอร์จิคัล อิควิปเม้นท์ (ประเทศไทย) จำกัด,2020-09-17," 98,000.00 ",50301020321,ค่ายาและเวชภัณฑ์ อวัยวะเทียม,20101010101,เจ้าหนี้ค่าสินค้าและบริการ,,,,,,,,,,,,,,,,,,,,,,,,,,,,,,,,,,,,,,,,,,,,,,,,,,,,,
298, ใบสั่งซื้อ 1C214-01/2563, ค่าวัสดุ, บริษัท ฟินิกซ์ เซอร์จิคัล อิควิปเม้นท์ (ประเทศไทย) จำกัด,2020-08-07," 23,400.00 ",50301020321,ค่ายาและเวชภัณฑ์ อวัยวะเทียม,20101010101,เจ้าหนี้ค่าสินค้าและบริการ,,,,,,,,,,,,,,,,,,,,,,,,,,,,,,,,,,,,,,,,,,,,,,,,,,,,,
299, ใบสั่งซื้อ 1C214-02/2563, ค่าวัสดุ, บริษัท ฟินิกซ์ เซอร์จิคัล อิควิปเม้นท์ (ประเทศไทย) จำกัด,2020-09-17," 23,400.00 ",50301020321,ค่ายาและเวชภัณฑ์ อวัยวะเทียม,20101010101,เจ้าหนี้ค่าสินค้าและบริการ,,,,,,,,,,,,,,,,,,,,,,,,,,,,,,,,,,,,,,,,,,,,,,,,,,,,,
300,ใบสั่งซื้อ 0599/63, ค่าวัสดุ,บริษัท ยูนิตี้ เด็นตัล จำกัด,2020-07-30," 24,500.00 ",50301020321,ค่ายาและเวชภัณฑ์ อวัยวะเทียม,20101010101,เจ้าหนี้ค่าสินค้าและบริการ,,,,,,,,,,,,,,,,,,,,,,,,,,,,,,,,,,,,,,,,,,,,,,,,,,,,,
301,ใบสั่งซื้อ 0618/63, ค่าวัสดุ,บริษัท ไอเมด ลาบอราทอรี่ จำกัด,2020-08-03," 729,600.00 ",50301020321,ค่ายาและเวชภัณฑ์ อวัยวะเทียม,20101010101,เจ้าหนี้ค่าสินค้าและบริการ,,,,,,,,,,,,,,,,,,,,,,,,,,,,,,,,,,,,,,,,,,,,,,,,,,,,,
302,ใบสั่งซื้อ 0584R/63, ค่าวัสดุ,บริษัท ดีเคเอสเอช (ประเทศไทย) จำกัด,2020-07-24," 472,410.00 ",50301020321,ค่ายาและเวชภัณฑ์ อวัยวะเทียม,20101010101,เจ้าหนี้ค่าสินค้าและบริการ,,,,,,,,,,,,,,,,,,,,,,,,,,,,,,,,,,,,,,,,,,,,,,,,,,,,,
303, ใบสั่งซื้อ 0586R/63, ค่าวัสดุ,บริษัท อินเตอร์ เมดิคอล จำกัด,2020-07-23," 355,000.00 ",50301020321,ค่ายาและเวชภัณฑ์ อวัยวะเทียม,20101010101,เจ้าหนี้ค่าสินค้าและบริการ,,,,,,,,,,,,,,,,,,,,,,,,,,,,,,,,,,,,,,,,,,,,,,,,,,,,,
304,ใบสั่งซื้อ 0587/63, ค่าวัสดุ,บริษัท นิว อาย จำกัด,2020-08-13," 8,000.00 ",50301020321,ค่ายาและเวชภัณฑ์ อวัยวะเทียม,20101010101,เจ้าหนี้ค่าสินค้าและบริการ,,,,,,,,,,,,,,,,,,,,,,,,,,,,,,,,,,,,,,,,,,,,,,,,,,,,,
305,ใบสั่งซื้อ 0623/63, ค่าวัสดุ,บริษัท ไทยก๊อส จำกัด,2020-08-03," 4,000.00 ",50301020321,ค่ายาและเวชภัณฑ์ อวัยวะเทียม,20101010101,เจ้าหนี้ค่าสินค้าและบริการ,,,,,,,,,,,,,,,,,,,,,,,,,,,,,,,,,,,,,,,,,,,,,,,,,,,,,
306,ใบสั่งซื้อ 0646/63, ค่าวัสดุ,บริษัท ดีเคเอสเอช (ประเทศไทย) จำกัด,2020-08-20," 53,000.00 ",50301020321,ค่ายาและเวชภัณฑ์ อวัยวะเทียม,20101010101,เจ้าหนี้ค่าสินค้าและบริการ,,,,,,,,,,,,,,,,,,,,,,,,,,,,,,,,,,,,,,,,,,,,,,,,,,,,,
307,ใบสั่งซื้อ 0601/63, ค่าวัสดุ,บริษัท ไบโอคอททอน จำกัด,2020-07-29," 5,040.00 ",50301020321,ค่ายาและเวชภัณฑ์ อวัยวะเทียม,20101010101,เจ้าหนี้ค่าสินค้าและบริการ,,,,,,,,,,,,,,,,,,,,,,,,,,,,,,,,,,,,,,,,,,,,,,,,,,,,,
308,ใบสั่งซื้อ 0634/63, ค่าวัสดุ,บริษัท เอฟ.ซี.พี.จำกัด,2020-06-19," 80,000.00 ",50301020321,ค่ายาและเวชภัณฑ์ อวัยวะเทียม,20101010101,เจ้าหนี้ค่าสินค้าและบริการ,,,,,,,,,,,,,,,,,,,,,,,,,,,,,,,,,,,,,,,,,,,,,,,,,,,,,
309,ใบสั่งซื้อ 0663R/63, ค่าวัสดุ,ห้างหุ้นส่วนจำกัด ป.เวชชูปกรณ์,2020-07-24," 100,190.00 ",50301020321,ค่ายาและเวชภัณฑ์ อวัยวะเทียม,20101010101,เจ้าหนี้ค่าสินค้าและบริการ,,,,,,,,,,,,,,,,,,,,,,,,,,,,,,,,,,,,,,,,,,,,,,,,,,,,,
310,ใบสั่งซื้อ 0664R/63, ค่าวัสดุ,บริษัท โอเร็กซ์ เทรดดิ้ง จำกัด,2020-07-29," 108,802.80 ",50301020321,ค่ายาและเวชภัณฑ์ อวัยวะเทียม,20101010101,เจ้าหนี้ค่าสินค้าและบริการ,,,,,,,,,,,,,,,,,,,,,,,,,,,,,,,,,,,,,,,,,,,,,,,,,,,,,
311,ใบสั่งซื้อ 0591/63, ค่าวัสดุ,บริษัท ตรัย เม็ดดิคอล จำกัด,2020-07-24," 70,000.00 ",50301020321,ค่ายาและเวชภัณฑ์ อวัยวะเทียม,20101010101,เจ้าหนี้ค่าสินค้าและบริการ,,,,,,,,,,,,,,,,,,,,,,,,,,,,,,,,,,,,,,,,,,,,,,,,,,,,,
312,ใบสั่งซื้อ 0643/63, ค่าวัสดุ,บริษัท บีเจเอช เมดิคอล จำกัด,2020-08-17," 90,000.00 ",50301020321,ค่ายาและเวชภัณฑ์ อวัยวะเทียม,20101010101,เจ้าหนี้ค่าสินค้าและบริการ,,,,,,,,,,,,,,,,,,,,,,,,,,,,,,,,,,,,,,,,,,,,,,,,,,,,,
313,ใบสั่งซื้อ 0324/63, ค่าวัสดุ,บริษัท ไบโอคอททอน จำกัด,2020-09-11," 84,750.00 ",50301020321,ค่ายาและเวชภัณฑ์ อวัยวะเทียม,20101010101,เจ้าหนี้ค่าสินค้าและบริการ,,,,,,,,,,,,,,,,,,,,,,,,,,,,,,,,,,,,,,,,,,,,,,,,,,,,,
314,ใบสั่งซื้อ 0580/63, ค่าวัสดุ,บริษัท พี ซี แอล โฮลดิ้ง จำกัด,2020-07-13," 112,000.00 ",50301020321,ค่ายาและเวชภัณฑ์ อวัยวะเทียม,20101010101,เจ้าหนี้ค่าสินค้าและบริการ,,,,,,,,,,,,,,,,,,,,,,,,,,,,,,,,,,,,,,,,,,,,,,,,,,,,,
315,ใบสั่งซื้อ 0649/63, ค่าวัสดุ,บริษัท อี ฟอร์ แอล เอม จำกัด (มหาชน),2020-08-17," 55,600.00 ",50301020321,ค่ายาและเวชภัณฑ์ อวัยวะเทียม,20101010101,เจ้าหนี้ค่าสินค้าและบริการ,,,,,,,,,,,,,,,,,,,,,,,,,,,,,,,,,,,,,,,,,,,,,,,,,,,,,
316,ใบสั่งซื้อ 0650/63, ค่าวัสดุ,บริษัท เกตซ์ เฮลธ์เเคร์ (ประเทศไทย) จำกัด,2020-09-01," 36,000.00 ",50301020321,ค่ายาและเวชภัณฑ์ อวัยวะเทียม,20101010101,เจ้าหนี้ค่าสินค้าและบริการ,,,,,,,,,,,,,,,,,,,,,,,,,,,,,,,,,,,,,,,,,,,,,,,,,,,,,
317,ใบสั่งซื้อ 0668/63, ค่าวัสดุ,บริษัท ทรานส์เมดิก (ประเทศไทย)จำกัด,2020-09-14," 82,507.50 ",50301020321,ค่ายาและเวชภัณฑ์ อวัยวะเทียม,20101010101,เจ้าหนี้ค่าสินค้าและบริการ,,,,,,,,,,,,,,,,,,,,,,,,,,,,,,,,,,,,,,,,,,,,,,,,,,,,,
318,ใบสั่งซื้อ 0629R/63, ค่าวัสดุ,บริษัท ฟีนิกซ์ เซอร์จิคัล อิควิปเม้นท์ (ประเทศไทย) จำกัด,2020-08-18," 404,204.00 ",50301020321,ค่ายาและเวชภัณฑ์ อวัยวะเทียม,20101010101,เจ้าหนี้ค่าสินค้าและบริการ,,,,,,,,,,,,,,,,,,,,,,,,,,,,,,,,,,,,,,,,,,,,,,,,,,,,,
319,ใบสั่งซื้อ 0622/63, ค่าวัสดุ,บริษัท ฟาโวริกา จำกัด,2020-08-07," 56,175.00 ",50301020321,ค่ายาและเวชภัณฑ์ อวัยวะเทียม,20101010101,เจ้าหนี้ค่าสินค้าและบริการ,,,,,,,,,,,,,,,,,,,,,,,,,,,,,,,,,,,,,,,,,,,,,,,,,,,,,
320,ใบสั่งซื้อ 0583/63, ค่าวัสดุ,บริษัท ไทยฮอสพิทอล โปรดักส์ จำกัด,2020-08-11," 1,200,000.00 ",50301020321,ค่ายาและเวชภัณฑ์ อวัยวะเทียม,20101010101,เจ้าหนี้ค่าสินค้าและบริการ,,,,,,,,,,,,,,,,,,,,,,,,,,,,,,,,,,,,,,,,,,,,,,,,,,,,,
321,ใบสั่งซื้อ 3C05-08/2563,โครงการต่อเนื่อง โครงการจัดซื้อยาเวชภัณฑ์ฯ 3 ปี (2563-2565),บริษัท ดีเคเอสเอช (ประเทศไทย) จำกัด,2020-06-15," 310,310.80 ",50301020321,ค่ายาและเวชภัณฑ์ อวัยวะเทียม,20101010101,เจ้าหนี้ค่าสินค้าและบริการ,,,,,,,,,,,,,,,,,,,,,,,,,,,,,,,,,,,,,,,,,,,,,,,,,,,,,
322,ใบสั่งซื้อ 3C05-09/2563,โครงการต่อเนื่อง โครงการจัดซื้อยาเวชภัณฑ์ฯ 3 ปี (2563-2565),บริษัท ดีเคเอสเอช (ประเทศไทย) จำกัด,2020-08-17," 358,165.60 ",50301020321,ค่ายาและเวชภัณฑ์ อวัยวะเทียม,20101010101,เจ้าหนี้ค่าสินค้าและบริการ,,,,,,,,,,,,,,,,,,,,,,,,,,,,,,,,,,,,,,,,,,,,,,,,,,,,,
323,ใบสั่งซื้อ 3C06-07/2563,โครงการต่อเนื่อง โครงการจัดซื้อยาเวชภัณฑ์ฯ 3 ปี (2563-2565),บริษัท โอเร็กซ์ เทรดดิ้ง จำกัด,2020-06-04," 31,800.00 ",50301020321,ค่ายาและเวชภัณฑ์ อวัยวะเทียม,20101010101,เจ้าหนี้ค่าสินค้าและบริการ,,,,,,,,,,,,,,,,,,,,,,,,,,,,,,,,,,,,,,,,,,,,,,,,,,,,,
324,ใบสั่งซื้อ 3C06-08/2563,โครงการต่อเนื่อง โครงการจัดซื้อยาเวชภัณฑ์ฯ 3 ปี (2563-2565),บริษัท โอเร็กซ์ เทรดดิ้ง จำกัด,2020-07-15," 42,400.00 ",50301020321,ค่ายาและเวชภัณฑ์ อวัยวะเทียม,20101010101,เจ้าหนี้ค่าสินค้าและบริการ,,,,,,,,,,,,,,,,,,,,,,,,,,,,,,,,,,,,,,,,,,,,,,,,,,,,,
325,ใบสั่งซื้อ 3C06-09/2563,โครงการต่อเนื่อง โครงการจัดซื้อยาเวชภัณฑ์ฯ 3 ปี (2563-2565),บริษัท โอเร็กซ์ เทรดดิ้ง จำกัด,2020-08-21," 42,400.00 ",50301020321,ค่ายาและเวชภัณฑ์ อวัยวะเทียม,20101010101,เจ้าหนี้ค่าสินค้าและบริการ,,,,,,,,,,,,,,,,,,,,,,,,,,,,,,,,,,,,,,,,,,,,,,,,,,,,,
326,ใบสั่งซื้อ 3C10-05/2563,โครงการต่อเนื่อง โครงการจัดซื้อยาเวชภัณฑ์ฯ 3 ปี (2563-2565),บริษัท เมดดิก้า จำกัด,2020-03-17," 202,240.00 ",50301020321,ค่ายาและเวชภัณฑ์ อวัยวะเทียม,20101010101,เจ้าหนี้ค่าสินค้าและบริการ,,,,,,,,,,,,,,,,,,,,,,,,,,,,,,,,,,,,,,,,,,,,,,,,,,,,,
327,ใบสั่งซื้อ 3C10-06/2563,โครงการต่อเนื่อง โครงการจัดซื้อยาเวชภัณฑ์ฯ 3 ปี (2563-2565),บริษัท เมดดิก้า จำกัด,2020-05-25," 250,880.00 ",50301020321,ค่ายาและเวชภัณฑ์ อวัยวะเทียม,20101010101,เจ้าหนี้ค่าสินค้าและบริการ,,,,,,,,,,,,,,,,,,,,,,,,,,,,,,,,,,,,,,,,,,,,,,,,,,,,,
328,ใบสั่งซื้อ 3C14-08/2563,โครงการต่อเนื่อง โครงการจัดซื้อยาเวชภัณฑ์ฯ 3 ปี (2563-2565),บริษัท แมคคา โปรดักชั่น จำกัด,2020-07-09," 529,650.00 ",50301020321,ค่ายาและเวชภัณฑ์ อวัยวะเทียม,20101010101,เจ้าหนี้ค่าสินค้าและบริการ,,,,,,,,,,,,,,,,,,,,,,,,,,,,,,,,,,,,,,,,,,,,,,,,,,,,,
329,ใบสั่งซื้อ 3C14-09/2563,โครงการต่อเนื่อง โครงการจัดซื้อยาเวชภัณฑ์ฯ 3 ปี (2563-2565),บริษัท แมคคา โปรดักชั่น จำกัด,2020-07-24," 149,345.25 ",50301020321,ค่ายาและเวชภัณฑ์ อวัยวะเทียม,20101010101,เจ้าหนี้ค่าสินค้าและบริการ,,,,,,,,,,,,,,,,,,,,,,,,,,,,,,,,,,,,,,,,,,,,,,,,,,,,,
330,ใบสั่งซื้อ 3C15-05/2563,โครงการต่อเนื่อง โครงการจัดซื้อยาเวชภัณฑ์ฯ 3 ปี (2563-2565),บริษัท ดีเคเอสเอช (ประเทศไทย) จำกัด,2020-03-24," 126,900.00 ",50301020321,ค่ายาและเวชภัณฑ์ อวัยวะเทียม,20101010101,เจ้าหนี้ค่าสินค้าและบริการ,,,,,,,,,,,,,,,,,,,,,,,,,,,,,,,,,,,,,,,,,,,,,,,,,,,,,
331,ใบสั่งซื้อ 3C15-06/2563,โครงการต่อเนื่อง โครงการจัดซื้อยาเวชภัณฑ์ฯ 3 ปี (2563-2565),บริษัท ดีเคเอสเอช (ประเทศไทย) จำกัด,2020-05-01," 20,680.00 ",50301020321,ค่ายาและเวชภัณฑ์ อวัยวะเทียม,20101010101,เจ้าหนี้ค่าสินค้าและบริการ,,,,,,,,,,,,,,,,,,,,,,,,,,,,,,,,,,,,,,,,,,,,,,,,,,,,,
332,ใบสั่งซื้อ 3C15-07/2563,โครงการต่อเนื่อง โครงการจัดซื้อยาเวชภัณฑ์ฯ 3 ปี (2563-2565),บริษัท ดีเคเอสเอช (ประเทศไทย) จำกัด,2020-07-28," 32,900.00 ",50301020321,ค่ายาและเวชภัณฑ์ อวัยวะเทียม,20101010101,เจ้าหนี้ค่าสินค้าและบริการ,,,,,,,,,,,,,,,,,,,,,,,,,,,,,,,,,,,,,,,,,,,,,,,,,,,,,
333,ใบสั่งซื้อ 3C16-08/2563,โครงการต่อเนื่อง โครงการจัดซื้อยาเวชภัณฑ์ฯ 3 ปี (2563-2565),บริษัท โอเร็กซ์ เทรดดิ้ง จำกัด,2020-06-29," 30,100.00 ",50301020321,ค่ายาและเวชภัณฑ์ อวัยวะเทียม,20101010101,เจ้าหนี้ค่าสินค้าและบริการ,,,,,,,,,,,,,,,,,,,,,,,,,,,,,,,,,,,,,,,,,,,,,,,,,,,,,
334,ใบสั่งซื้อ 3C16-09/2563,โครงการต่อเนื่อง โครงการจัดซื้อยาเวชภัณฑ์ฯ 3 ปี (2563-2565),บริษัท โอเร็กซ์ เทรดดิ้ง จำกัด,2020-07-24," 32,680.00 ",50301020321,ค่ายาและเวชภัณฑ์ อวัยวะเทียม,20101010101,เจ้าหนี้ค่าสินค้าและบริการ,,,,,,,,,,,,,,,,,,,,,,,,,,,,,,,,,,,,,,,,,,,,,,,,,,,,,
335,ใบสั่งซื้อ 3C23-09/2563,โครงการต่อเนื่อง โครงการจัดซื้อยาเวชภัณฑ์ฯ 3 ปี (2563-2565),บริษัท ไทยเพียวดีไวซ์ จำกัด,2020-06-09," 150,000.00 ",50301020321,ค่ายาและเวชภัณฑ์ อวัยวะเทียม,20101010101,เจ้าหนี้ค่าสินค้าและบริการ,,,,,,,,,,,,,,,,,,,,,,,,,,,,,,,,,,,,,,,,,,,,,,,,,,,,,
336,ใบสั่งซื้อ 3C23-10/2563,โครงการต่อเนื่อง โครงการจัดซื้อยาเวชภัณฑ์ฯ 3 ปี (2563-2565),บริษัท ไทยเพียวดีไวซ์ จำกัด,2020-07-09," 135,000.00 ",50301020321,ค่ายาและเวชภัณฑ์ อวัยวะเทียม,20101010101,เจ้าหนี้ค่าสินค้าและบริการ,,,,,,,,,,,,,,,,,,,,,,,,,,,,,,,,,,,,,,,,,,,,,,,,,,,,,
337,ใบสั่งซื้อ 3C71-02/2563,โครงการต่อเนื่อง โครงการจัดซื้อยาเวชภัณฑ์ฯ 3 ปี (2563-2565),บริษัท ดีเคเอสเอช (ประเทศไทย) จำกัด,2020-02-03," 29,120.00 ",50301020321,ค่ายาและเวชภัณฑ์ อวัยวะเทียม,20101010101,เจ้าหนี้ค่าสินค้าและบริการ,,,,,,,,,,,,,,,,,,,,,,,,,,,,,,,,,,,,,,,,,,,,,,,,,,,,,
338,ใบสั่งซื้อ 3C73-03/2563,โครงการต่อเนื่อง โครงการจัดซื้อยาเวชภัณฑ์ฯ 3 ปี (2563-2565),บริษัท ไบโอคอททอน จำกัด,2020-07-01," 99,000.00 ",50301020321,ค่ายาและเวชภัณฑ์ อวัยวะเทียม,20101010101,เจ้าหนี้ค่าสินค้าและบริการ,,,,,,,,,,,,,,,,,,,,,,,,,,,,,,,,,,,,,,,,,,,,,,,,,,,,,
339,ใบสั่งซื้อ 3C74-03/2563,โครงการต่อเนื่อง โครงการจัดซื้อยาเวชภัณฑ์ฯ 3 ปี (2563-2565),บริษัท สหแพทย์เภสัช จำกัด,2020-08-17," 62,700.00 ",50301020321,ค่ายาและเวชภัณฑ์ อวัยวะเทียม,20101010101,เจ้าหนี้ค่าสินค้าและบริการ,,,,,,,,,,,,,,,,,,,,,,,,,,,,,,,,,,,,,,,,,,,,,,,,,,,,,
340,ใบสั่งซื้อ 3C86-06/2563,โครงการต่อเนื่อง โครงการจัดซื้อยาเวชภัณฑ์ฯ 3 ปี (2563-2565),บริษัท ซิตี้ เมดิคอล ซัพพลาย จำกัด,2020-06-26," 165,495.00 ",50301020321,ค่ายาและเวชภัณฑ์ อวัยวะเทียม,20101010101,เจ้าหนี้ค่าสินค้าและบริการ,,,,,,,,,,,,,,,,,,,,,,,,,,,,,,,,,,,,,,,,,,,,,,,,,,,,,
341,ใบสั่งซื้อ 3C86-07/2563,โครงการต่อเนื่อง โครงการจัดซื้อยาเวชภัณฑ์ฯ 3 ปี (2563-2565),บริษัท ซิตี้ เมดิคอล ซัพพลาย จำกัด,2020-08-17," 129,800.00 ",50301020321,ค่ายาและเวชภัณฑ์ อวัยวะเทียม,20101010101,เจ้าหนี้ค่าสินค้าและบริการ,,,,,,,,,,,,,,,,,,,,,,,,,,,,,,,,,,,,,,,,,,,,,,,,,,,,,
342,ใบสั่งซื้อ 3C87-05/2563,โครงการต่อเนื่อง โครงการจัดซื้อยาเวชภัณฑ์ฯ 3 ปี (2563-2565),บริษัท ดีเคเอสเอช (ประเทศไทย) จำกัด,2020-06-09," 67,844.76 ",50301020321,ค่ายาและเวชภัณฑ์ อวัยวะเทียม,20101010101,เจ้าหนี้ค่าสินค้าและบริการ,,,,,,,,,,,,,,,,,,,,,,,,,,,,,,,,,,,,,,,,,,,,,,,,,,,,,
343,ใบสั่งซื้อ 3C87-06/2563,โครงการต่อเนื่อง โครงการจัดซื้อยาเวชภัณฑ์ฯ 3 ปี (2563-2565),บริษัท ดีเคเอสเอช (ประเทศไทย) จำกัด,2020-07-30," 213,915.72 ",50301020321,ค่ายาและเวชภัณฑ์ อวัยวะเทียม,20101010101,เจ้าหนี้ค่าสินค้าและบริการ,,,,,,,,,,,,,,,,,,,,,,,,,,,,,,,,,,,,,,,,,,,,,,,,,,,,,
344,ใบสั่งซื้อ 3C123-05/2563,โครงการต่อเนื่อง โครงการจัดซื้อยาเวชภัณฑ์ฯ 3 ปี (2563-2565),บริษัท ดีเคเอสเอช (ประเทศไทย) จำกัด,2020-06-09," 120,800.00 ",50301020321,ค่ายาและเวชภัณฑ์ อวัยวะเทียม,20101010101,เจ้าหนี้ค่าสินค้าและบริการ,,,,,,,,,,,,,,,,,,,,,,,,,,,,,,,,,,,,,,,,,,,,,,,,,,,,,
345,ใบสั่งซื้อ 3C123-06/2563,โครงการต่อเนื่อง โครงการจัดซื้อยาเวชภัณฑ์ฯ 3 ปี (2563-2565),บริษัท ดีเคเอสเอช (ประเทศไทย) จำกัด,2020-08-03," 96,000.00 ",50301020321,ค่ายาและเวชภัณฑ์ อวัยวะเทียม,20101010101,เจ้าหนี้ค่าสินค้าและบริการ,,,,,,,,,,,,,,,,,,,,,,,,,,,,,,,,,,,,,,,,,,,,,,,,,,,,,
346,ใบสั่งซื้อ 3C123-07/2563,โครงการต่อเนื่อง โครงการจัดซื้อยาเวชภัณฑ์ฯ 3 ปี (2563-2565),บริษัท ดีเคเอสเอช (ประเทศไทย) จำกัด,2020-08-27," 165,200.00 ",50301020321,ค่ายาและเวชภัณฑ์ อวัยวะเทียม,20101010101,เจ้าหนี้ค่าสินค้าและบริการ,,,,,,,,,,,,,,,,,,,,,,,,,,,,,,,,,,,,,,,,,,,,,,,,,,,,,
347,ใบสั่งซื้อ 3C123-08/2563,โครงการต่อเนื่อง โครงการจัดซื้อยาเวชภัณฑ์ฯ 3 ปี (2563-2565),บริษัท ดีเคเอสเอช (ประเทศไทย) จำกัด,2020-09-16," 190,400.00 ",50301020321,ค่ายาและเวชภัณฑ์ อวัยวะเทียม,20101010101,เจ้าหนี้ค่าสินค้าและบริการ,,,,,,,,,,,,,,,,,,,,,,,,,,,,,,,,,,,,,,,,,,,,,,,,,,,,,
348,ใบสั่งซื้อ 3C125-03/2563,โครงการต่อเนื่อง โครงการจัดซื้อยาเวชภัณฑ์ฯ 3 ปี (2563-2565),บริษัท ดีเคเอสเอช (ประเทศไทย) จำกัด,2020-07-02," 240,000.00 ",50301020321,ค่ายาและเวชภัณฑ์ อวัยวะเทียม,20101010101,เจ้าหนี้ค่าสินค้าและบริการ,,,,,,,,,,,,,,,,,,,,,,,,,,,,,,,,,,,,,,,,,,,,,,,,,,,,,
349,ใบสั่งซื้อ 3C126-04/2563,โครงการต่อเนื่อง โครงการจัดซื้อยาเวชภัณฑ์ฯ 3 ปี (2563-2565),บริษัท พี.พี.เอส. ฮอลพิทอล ซัพพลาย จำกัด,2020-07-01," 20,375.00 ",50301020321,ค่ายาและเวชภัณฑ์ อวัยวะเทียม,20101010101,เจ้าหนี้ค่าสินค้าและบริการ,,,,,,,,,,,,,,,,,,,,,,,,,,,,,,,,,,,,,,,,,,,,,,,,,,,,,
350,ใบสั่งซื้อ 3C126-05/2563,โครงการต่อเนื่อง โครงการจัดซื้อยาเวชภัณฑ์ฯ 3 ปี (2563-2565),บริษัท พี.พี.เอส. ฮอลพิทอล ซัพพลาย จำกัด,2020-08-17," 28,000.00 ",50301020321,ค่ายาและเวชภัณฑ์ อวัยวะเทียม,20101010101,เจ้าหนี้ค่าสินค้าและบริการ,,,,,,,,,,,,,,,,,,,,,,,,,,,,,,,,,,,,,,,,,,,,,,,,,,,,,
351,ใบสั่งซื้อ 3C127-05/2563,โครงการต่อเนื่อง โครงการจัดซื้อยาเวชภัณฑ์ฯ 3 ปี (2563-2565),บริษัท โอเร็กซ์ เทรดดิ้ง จำกัด,2020-05-13," 107,107.00 ",50301020321,ค่ายาและเวชภัณฑ์ อวัยวะเทียม,20101010101,เจ้าหนี้ค่าสินค้าและบริการ,,,,,,,,,,,,,,,,,,,,,,,,,,,,,,,,,,,,,,,,,,,,,,,,,,,,,
352,ใบสั่งซื้อ 3C127-06/2563,โครงการต่อเนื่อง โครงการจัดซื้อยาเวชภัณฑ์ฯ 3 ปี (2563-2565),บริษัท โอเร็กซ์ เทรดดิ้ง จำกัด,2020-06-19," 175,710.00 ",50301020321,ค่ายาและเวชภัณฑ์ อวัยวะเทียม,20101010101,เจ้าหนี้ค่าสินค้าและบริการ,,,,,,,,,,,,,,,,,,,,,,,,,,,,,,,,,,,,,,,,,,,,,,,,,,,,,
353,ใบสั่งซื้อ 3C127-07/2563,โครงการต่อเนื่อง โครงการจัดซื้อยาเวชภัณฑ์ฯ 3 ปี (2563-2565),บริษัท โอเร็กซ์ เทรดดิ้ง จำกัด,2020-07-24," 119,277.00 ",50301020321,ค่ายาและเวชภัณฑ์ อวัยวะเทียม,20101010101,เจ้าหนี้ค่าสินค้าและบริการ,,,,,,,,,,,,,,,,,,,,,,,,,,,,,,,,,,,,,,,,,,,,,,,,,,,,,
354,ใบสั่งซื้อ 3C128-03/2563,โครงการต่อเนื่อง โครงการจัดซื้อยาเวชภัณฑ์ฯ 3 ปี (2563-2565),บริษัท ไทยก๊อส จำกัด,2020-08-17," 123,000.00 ",50301020321,ค่ายาและเวชภัณฑ์ อวัยวะเทียม,20101010101,เจ้าหนี้ค่าสินค้าและบริการ,,,,,,,,,,,,,,,,,,,,,,,,,,,,,,,,,,,,,,,,,,,,,,,,,,,,,
355,ใบสั่งซื้อ 3C129-04/2563,โครงการต่อเนื่อง โครงการจัดซื้อยาเวชภัณฑ์ฯ 3 ปี (2563-2565),บริษัท ไบโอคอททอน จำกัด,2020-02-27," 98,320.00 ",50301020321,ค่ายาและเวชภัณฑ์ อวัยวะเทียม,20101010101,เจ้าหนี้ค่าสินค้าและบริการ,,,,,,,,,,,,,,,,,,,,,,,,,,,,,,,,,,,,,,,,,,,,,,,,,,,,,
356,ใบสั่งซื้อ 3C129-05/2563,โครงการต่อเนื่อง โครงการจัดซื้อยาเวชภัณฑ์ฯ 3 ปี (2563-2565),บริษัท ไบโอคอททอน จำกัด,2020-07-17," 15,540.00 ",50301020321,ค่ายาและเวชภัณฑ์ อวัยวะเทียม,20101010101,เจ้าหนี้ค่าสินค้าและบริการ,,,,,,,,,,,,,,,,,,,,,,,,,,,,,,,,,,,,,,,,,,,,,,,,,,,,,
357,ใบสั่งซื้อ 3C136-04/2563,โครงการต่อเนื่อง โครงการจัดซื้อยาเวชภัณฑ์ฯ 3 ปี (2563-2565),บริษัท โอเร็กซ์ เทรดดิ้ง จำกัด,2020-06-05," 239,050.00 ",50301020321,ค่ายาและเวชภัณฑ์ อวัยวะเทียม,20101010101,เจ้าหนี้ค่าสินค้าและบริการ,,,,,,,,,,,,,,,,,,,,,,,,,,,,,,,,,,,,,,,,,,,,,,,,,,,,,
358,ใบสั่งซื้อ 3C136-05/2563,โครงการต่อเนื่อง โครงการจัดซื้อยาเวชภัณฑ์ฯ 3 ปี (2563-2565),บริษัท โอเร็กซ์ เทรดดิ้ง จำกัด,2020-07-19," 116,000.00 ",50301020321,ค่ายาและเวชภัณฑ์ อวัยวะเทียม,20101010101,เจ้าหนี้ค่าสินค้าและบริการ,,,,,,,,,,,,,,,,,,,,,,,,,,,,,,,,,,,,,,,,,,,,,,,,,,,,,
359,ใบสั่งซื้อ 3C262-03/2563,โครงการต่อเนื่อง โครงการจัดซื้อยาเวชภัณฑ์ฯ 3 ปี (2563-2565),บริษัท โซคิณส์ จำกัด,2020-07-09," 39,600.00 ",50301020321,ค่ายาและเวชภัณฑ์ อวัยวะเทียม,20101010101,เจ้าหนี้ค่าสินค้าและบริการ,,,,,,,,,,,,,,,,,,,,,,,,,,,,,,,,,,,,,,,,,,,,,,,,,,,,,
360,ใบสั่งซื้อ 3C262-04/2563,โครงการต่อเนื่อง โครงการจัดซื้อยาเวชภัณฑ์ฯ 3 ปี (2563-2565),บริษัท โซคิณส์ จำกัด,2020-08-17," 39,600.00 ",50301020321,ค่ายาและเวชภัณฑ์ อวัยวะเทียม,20101010101,เจ้าหนี้ค่าสินค้าและบริการ,,,,,,,,,,,,,,,,,,,,,,,,,,,,,,,,,,,,,,,,,,,,,,,,,,,,,
361,ใบสั่งซื้อ 3C347-01/2563,โครงการต่อเนื่อง โครงการจัดซื้อยาเวชภัณฑ์ฯ 3 ปี (2563-2565),บริษัท โพสเฮลท์แคร์ จำกัด,2020-09-18," 243,000.00 ",50301020321,ค่ายาและเวชภัณฑ์ อวัยวะเทียม,20101010101,เจ้าหนี้ค่าสินค้าและบริการ,,,,,,,,,,,,,,,,,,,,,,,,,,,,,,,,,,,,,,,,,,,,,,,,,,,,,
362,ใบสั่งซื้อ 3C62-12/2563,โครงการต่อเนื่อง โครงการจัดซื้อยาเวชภัณฑ์ฯ 3 ปี (2563-2565),บริษัท เมดดิเพล็กซ์ (ไทยแลนด์) จำกัด,2020-08-05," 41,800.00 ",50301020321,ค่ายาและเวชภัณฑ์ อวัยวะเทียม,20101010101,เจ้าหนี้ค่าสินค้าและบริการ,,,,,,,,,,,,,,,,,,,,,,,,,,,,,,,,,,,,,,,,,,,,,,,,,,,,,
363,ใบสั่งซื้อ 3C101-05/2563,โครงการต่อเนื่อง โครงการจัดซื้อยาเวชภัณฑ์ฯ 3 ปี (2563-2565),บริษัท ซิตี้ เมดิคอล ซัพพลาย จำกัด,2020-08-07," 124,600.00 ",50301020321,ค่ายาและเวชภัณฑ์ อวัยวะเทียม,20101010101,เจ้าหนี้ค่าสินค้าและบริการ,,,,,,,,,,,,,,,,,,,,,,,,,,,,,,,,,,,,,,,,,,,,,,,,,,,,,
364,ใบสั่งซื้อ 3C101-06/2563,โครงการต่อเนื่อง โครงการจัดซื้อยาเวชภัณฑ์ฯ 3 ปี (2563-2565),บริษัท ซิตี้ เมดิคอล ซัพพลาย จำกัด,2020-09-29," 65,800.00 ",50301020321,ค่ายาและเวชภัณฑ์ อวัยวะเทียม,20101010101,เจ้าหนี้ค่าสินค้าและบริการ,,,,,,,,,,,,,,,,,,,,,,,,,,,,,,,,,,,,,,,,,,,,,,,,,,,,,
365,ใบสั่งซื้อ 3C107-06/2563,โครงการต่อเนื่อง โครงการจัดซื้อยาเวชภัณฑ์ฯ 3 ปี (2563-2565),บริษัท ไบโอจีนีเทค จำกัด,2020-08-19," 133,250.00 ",50301020321,ค่ายาและเวชภัณฑ์ อวัยวะเทียม,20101010101,เจ้าหนี้ค่าสินค้าและบริการ,,,,,,,,,,,,,,,,,,,,,,,,,,,,,,,,,,,,,,,,,,,,,,,,,,,,,
366,ใบสั่งซื้อ 3C107/2563,โครงการต่อเนื่อง โครงการจัดซื้อยาเวชภัณฑ์ฯ 3 ปี (2563-2565),บริษัท จอห์นสัน แอนด์ จอห์นสัน (ไทย) จำกัด,2020-09-18," 49,200.00 ",50301020321,ค่ายาและเวชภัณฑ์ อวัยวะเทียม,20101010101,เจ้าหนี้ค่าสินค้าและบริการ,,,,,,,,,,,,,,,,,,,,,,,,,,,,,,,,,,,,,,,,,,,,,,,,,,,,,
367,ใบสั่งซื้อ 3C88-04/2563,โครงการต่อเนื่อง โครงการจัดซื้อยาเวชภัณฑ์ฯ 3 ปี (2563-2565),บริษัท จอห์นสัน แอนด์ จอห์นสัน (ไทย) จำกัด,2020-09-14," 32,100.00 ",50301020321,ค่ายาและเวชภัณฑ์ อวัยวะเทียม,20101010101,เจ้าหนี้ค่าสินค้าและบริการ,,,,,,,,,,,,,,,,,,,,,,,,,,,,,,,,,,,,,,,,,,,,,,,,,,,,,
368,ใบสั่งซื้อ 3C98-03/2563,โครงการต่อเนื่อง โครงการจัดซื้อยาเวชภัณฑ์ฯ 3 ปี (2563-2565),บริษัท จอห์นสัน แอนด์ จอห์นสัน (ไทย) จำกัด,2020-08-04," 27,000.00 ",50301020321,ค่ายาและเวชภัณฑ์ อวัยวะเทียม,20101010101,เจ้าหนี้ค่าสินค้าและบริการ,,,,,,,,,,,,,,,,,,,,,,,,,,,,,,,,,,,,,,,,,,,,,,,,,,,,,
369,ใบสั่งซื้อ 3C98-04/2563,โครงการต่อเนื่อง โครงการจัดซื้อยาเวชภัณฑ์ฯ 3 ปี (2563-2565),บริษัท จอห์นสัน แอนด์ จอห์นสัน (ไทย) จำกัด,2020-09-14," 109,782.00 ",50301020321,ค่ายาและเวชภัณฑ์ อวัยวะเทียม,20101010101,เจ้าหนี้ค่าสินค้าและบริการ,,,,,,,,,,,,,,,,,,,,,,,,,,,,,,,,,,,,,,,,,,,,,,,,,,,,,
370,ใบสั่งซื้อ 3C98-05/2563,โครงการต่อเนื่อง โครงการจัดซื้อยาเวชภัณฑ์ฯ 3 ปี (2563-2565),บริษัท จอห์นสัน แอนด์ จอห์นสัน (ไทย) จำกัด,2020-09-16," 27,000.00 ",50301020321,ค่ายาและเวชภัณฑ์ อวัยวะเทียม,20101010101,เจ้าหนี้ค่าสินค้าและบริการ,,,,,,,,,,,,,,,,,,,,,,,,,,,,,,,,,,,,,,,,,,,,,,,,,,,,,
371,ใบสั่งซื้อ 3C19-10/2563,โครงการต่อเนื่อง โครงการจัดซื้อยาเวชภัณฑ์ฯ 3 ปี (2563-2565),บริษัท ไทย เมด-เทค จำกัด,2020-08-31," 54,440.00 ",50301020321,ค่ายาและเวชภัณฑ์ อวัยวะเทียม,20101010101,เจ้าหนี้ค่าสินค้าและบริการ,,,,,,,,,,,,,,,,,,,,,,,,,,,,,,,,,,,,,,,,,,,,,,,,,,,,,
372,ใบสั่งซื้อ 3C25-04/2563,โครงการต่อเนื่อง โครงการจัดซื้อยาเวชภัณฑ์ฯ 3 ปี (2563-2565),บริษัท ฟาโวริกา จำกัด,2020-08-18," 141,906.00 ",50301020321,ค่ายาและเวชภัณฑ์ อวัยวะเทียม,20101010101,เจ้าหนี้ค่าสินค้าและบริการ,,,,,,,,,,,,,,,,,,,,,,,,,,,,,,,,,,,,,,,,,,,,,,,,,,,,,
373,ใบสั่งซื้อ 3C27-07/2563,โครงการต่อเนื่อง โครงการจัดซื้อยาเวชภัณฑ์ฯ 3 ปี (2563-2565),บริษัท ไพรม์ เมดิคอล จำกัด,2020-08-17," 40,500.00 ",50301020321,ค่ายาและเวชภัณฑ์ อวัยวะเทียม,20101010101,เจ้าหนี้ค่าสินค้าและบริการ,,,,,,,,,,,,,,,,,,,,,,,,,,,,,,,,,,,,,,,,,,,,,,,,,,,,,
374,ใบสั่งซื้อ 3C27-08/2563,โครงการต่อเนื่อง โครงการจัดซื้อยาเวชภัณฑ์ฯ 3 ปี (2563-2565),บริษัท ไพรม์ เมดิคอล จำกัด,2020-09-28," 54,000.00 ",50301020321,ค่ายาและเวชภัณฑ์ อวัยวะเทียม,20101010101,เจ้าหนี้ค่าสินค้าและบริการ,,,,,,,,,,,,,,,,,,,,,,,,,,,,,,,,,,,,,,,,,,,,,,,,,,,,,
375,ใบสั่งซื้อ 3C28-09/2563,โครงการต่อเนื่อง โครงการจัดซื้อยาเวชภัณฑ์ฯ 3 ปี (2563-2565),บริษัท ฮอสปิแคร์ จำกัด,2020-07-31," 269,600.00 ",50301020321,ค่ายาและเวชภัณฑ์ อวัยวะเทียม,20101010101,เจ้าหนี้ค่าสินค้าและบริการ,,,,,,,,,,,,,,,,,,,,,,,,,,,,,,,,,,,,,,,,,,,,,,,,,,,,,
376,ใบสั่งซื้อ 3C28-10/2563,โครงการต่อเนื่อง โครงการจัดซื้อยาเวชภัณฑ์ฯ 3 ปี (2563-2565),บริษัท ฮอสปิแคร์ จำกัด,2020-08-28," 235,900.00 ",50301020321,ค่ายาและเวชภัณฑ์ อวัยวะเทียม,20101010101,เจ้าหนี้ค่าสินค้าและบริการ,,,,,,,,,,,,,,,,,,,,,,,,,,,,,,,,,,,,,,,,,,,,,,,,,,,,,
377,ใบสั่งซื้อ 3C36-09/2563,โครงการต่อเนื่อง โครงการจัดซื้อยาเวชภัณฑ์ฯ 3 ปี (2563-2565),บริษัท ฮอสปิแคร์ จำกัด,2020-07-31," 223,200.00 ",50301020321,ค่ายาและเวชภัณฑ์ อวัยวะเทียม,20101010101,เจ้าหนี้ค่าสินค้าและบริการ,,,,,,,,,,,,,,,,,,,,,,,,,,,,,,,,,,,,,,,,,,,,,,,,,,,,,
378,ใบสั่งซื้อ 3C36-10/2563,โครงการต่อเนื่อง โครงการจัดซื้อยาเวชภัณฑ์ฯ 3 ปี (2563-2565),บริษัท ฮอสปิแคร์ จำกัด,2020-08-28," 175,200.00 ",50301020321,ค่ายาและเวชภัณฑ์ อวัยวะเทียม,20101010101,เจ้าหนี้ค่าสินค้าและบริการ,,,,,,,,,,,,,,,,,,,,,,,,,,,,,,,,,,,,,,,,,,,,,,,,,,,,,
379,ใบสั่งซื้อ 3C37-07/2563,โครงการต่อเนื่อง โครงการจัดซื้อยาเวชภัณฑ์ฯ 3 ปี (2563-2565),บริษัท ไพรม์ เมดิคอล จำกัด,2020-07-17," 68,850.00 ",50301020321,ค่ายาและเวชภัณฑ์ อวัยวะเทียม,20101010101,เจ้าหนี้ค่าสินค้าและบริการ,,,,,,,,,,,,,,,,,,,,,,,,,,,,,,,,,,,,,,,,,,,,,,,,,,,,,
380,ใบสั่งซื้อ 3C37-08/2563,โครงการต่อเนื่อง โครงการจัดซื้อยาเวชภัณฑ์ฯ 3 ปี (2563-2565),บริษัท ไพรม์ เมดิคอล จำกัด,2020-08-17," 86,700.00 ",50301020321,ค่ายาและเวชภัณฑ์ อวัยวะเทียม,20101010101,เจ้าหนี้ค่าสินค้าและบริการ,,,,,,,,,,,,,,,,,,,,,,,,,,,,,,,,,,,,,,,,,,,,,,,,,,,,,
381,ใบสั่งซื้อ 3C38-09/2563,โครงการต่อเนื่อง โครงการจัดซื้อยาเวชภัณฑ์ฯ 3 ปี (2563-2565),บริษัท แอ๊บบอต ลาบอแรตอรีส จำกัด,2020-08-17," 67,600.00 ",50301020321,ค่ายาและเวชภัณฑ์ อวัยวะเทียม,20101010101,เจ้าหนี้ค่าสินค้าและบริการ,,,,,,,,,,,,,,,,,,,,,,,,,,,,,,,,,,,,,,,,,,,,,,,,,,,,,
382,ใบสั่งซื้อ 3C38-10/2563,โครงการต่อเนื่อง โครงการจัดซื้อยาเวชภัณฑ์ฯ 3 ปี (2563-2565),บริษัท แอ๊บบอต ลาบอแรตอรีส จำกัด,2020-09-08," 46,800.00 ",50301020321,ค่ายาและเวชภัณฑ์ อวัยวะเทียม,20101010101,เจ้าหนี้ค่าสินค้าและบริการ,,,,,,,,,,,,,,,,,,,,,,,,,,,,,,,,,,,,,,,,,,,,,,,,,,,,,
383,ใบสั่งซื้อ 3C50-04/2563,โครงการต่อเนื่อง โครงการจัดซื้อยาเวชภัณฑ์ฯ 3 ปี (2563-2565),บริษัท ไพรม์ เมดิคอล จำกัด,2020-08-17," 13,350.00 ",50301020321,ค่ายาและเวชภัณฑ์ อวัยวะเทียม,20101010101,เจ้าหนี้ค่าสินค้าและบริการ,,,,,,,,,,,,,,,,,,,,,,,,,,,,,,,,,,,,,,,,,,,,,,,,,,,,,
384,ใบสั่งซื้อ 3C50-05/2563,โครงการต่อเนื่อง โครงการจัดซื้อยาเวชภัณฑ์ฯ 3 ปี (2563-2565),บริษัท ไพรม์ เมดิคอล จำกัด,2020-09-25," 13,350.00 ",50301020321,ค่ายาและเวชภัณฑ์ อวัยวะเทียม,20101010101,เจ้าหนี้ค่าสินค้าและบริการ,,,,,,,,,,,,,,,,,,,,,,,,,,,,,,,,,,,,,,,,,,,,,,,,,,,,,
385,ใบสั่งซื้อ 3C51-09/2563,โครงการต่อเนื่อง โครงการจัดซื้อยาเวชภัณฑ์ฯ 3 ปี (2563-2565),บริษัท แอ๊บบอต ลาบอแรตอรีส จำกัด,2020-08-17," 7,800.00 ",50301020321,ค่ายาและเวชภัณฑ์ อวัยวะเทียม,20101010101,เจ้าหนี้ค่าสินค้าและบริการ,,,,,,,,,,,,,,,,,,,,,,,,,,,,,,,,,,,,,,,,,,,,,,,,,,,,,
386,ใบสั่งซื้อ 3C51-10/2563,โครงการต่อเนื่อง โครงการจัดซื้อยาเวชภัณฑ์ฯ 3 ปี (2563-2565),บริษัท แอ๊บบอต ลาบอแรตอรีส จำกัด,2020-09-08," 20,800.00 ",50301020321,ค่ายาและเวชภัณฑ์ อวัยวะเทียม,20101010101,เจ้าหนี้ค่าสินค้าและบริการ,,,,,,,,,,,,,,,,,,,,,,,,,,,,,,,,,,,,,,,,,,,,,,,,,,,,,
387,ใบสั่งซื้อ 3C77-02/2563,โครงการต่อเนื่อง โครงการจัดซื้อยาเวชภัณฑ์ฯ 3 ปี (2563-2565),บริษัท บอสตัน ไซเอนทิฟิค (ประเทศไทย) จำกัด,2020-07-29," 52,720.00 ",50301020321,ค่ายาและเวชภัณฑ์ อวัยวะเทียม,20101010101,เจ้าหนี้ค่าสินค้าและบริการ,,,,,,,,,,,,,,,,,,,,,,,,,,,,,,,,,,,,,,,,,,,,,,,,,,,,,
388,ใบสั่งซื้อ 3C78-02/2563,โครงการต่อเนื่อง โครงการจัดซื้อยาเวชภัณฑ์ฯ 3 ปี (2563-2565),บริษัท บอสตัน ไซเอนทิฟิค (ประเทศไทย) จำกัด,2020-07-24," 52,720.00 ",50301020321,ค่ายาและเวชภัณฑ์ อวัยวะเทียม,20101010101,เจ้าหนี้ค่าสินค้าและบริการ,,,,,,,,,,,,,,,,,,,,,,,,,,,,,,,,,,,,,,,,,,,,,,,,,,,,,
389,ใบสั่งซื้อ 3C79-04/2563,โครงการต่อเนื่อง โครงการจัดซื้อยาเวชภัณฑ์ฯ 3 ปี (2563-2565),บริษัท เมดิทอป จำกัด,2020-08-07," 24,500.00 ",50301020321,ค่ายาและเวชภัณฑ์ อวัยวะเทียม,20101010101,เจ้าหนี้ค่าสินค้าและบริการ,,,,,,,,,,,,,,,,,,,,,,,,,,,,,,,,,,,,,,,,,,,,,,,,,,,,,
390,ใบสั่งซื้อ 3C79-05/2563,โครงการต่อเนื่อง โครงการจัดซื้อยาเวชภัณฑ์ฯ 3 ปี (2563-2565),บริษัท เมดิทอป จำกัด,2020-09-18," 147,000.00 ",50301020321,ค่ายาและเวชภัณฑ์ อวัยวะเทียม,20101010101,เจ้าหนี้ค่าสินค้าและบริการ,,,,,,,,,,,,,,,,,,,,,,,,,,,,,,,,,,,,,,,,,,,,,,,,,,,,,
391,ใบสั่งซื้อ 3C80-09/2563,โครงการต่อเนื่อง โครงการจัดซื้อยาเวชภัณฑ์ฯ 3 ปี (2563-2565),บริษัท เมดิทอป จำกัด,2020-08-07," 310,000.00 ",50301020321,ค่ายาและเวชภัณฑ์ อวัยวะเทียม,20101010101,เจ้าหนี้ค่าสินค้าและบริการ,,,,,,,,,,,,,,,,,,,,,,,,,,,,,,,,,,,,,,,,,,,,,,,,,,,,,
392,ใบสั่งซื้อ 3C80-10/2563,โครงการต่อเนื่อง โครงการจัดซื้อยาเวชภัณฑ์ฯ 3 ปี (2563-2565),บริษัท เมดิทอป จำกัด,2020-09-23," 465,000.00 ",50301020321,ค่ายาและเวชภัณฑ์ อวัยวะเทียม,20101010101,เจ้าหนี้ค่าสินค้าและบริการ,,,,,,,,,,,,,,,,,,,,,,,,,,,,,,,,,,,,,,,,,,,,,,,,,,,,,
393,ใบสั่งซื้อ 3C156-09/2563,โครงการต่อเนื่อง โครงการจัดซื้อยาเวชภัณฑ์ฯ 3 ปี (2563-2565),บริษัท แอ๊บบอต เมดิคัล (ประเทศไทย) จำกัด,2020-08-17," 97,200.00 ",50301020321,ค่ายาและเวชภัณฑ์ อวัยวะเทียม,20101010101,เจ้าหนี้ค่าสินค้าและบริการ,,,,,,,,,,,,,,,,,,,,,,,,,,,,,,,,,,,,,,,,,,,,,,,,,,,,,
394,ใบสั่งซื้อ 3C156-10/2563,โครงการต่อเนื่อง โครงการจัดซื้อยาเวชภัณฑ์ฯ 3 ปี (2563-2565),บริษัท แอ๊บบอต เมดิคัล (ประเทศไทย) จำกัด,2020-09-08," 97,200.00 ",50301020321,ค่ายาและเวชภัณฑ์ อวัยวะเทียม,20101010101,เจ้าหนี้ค่าสินค้าและบริการ,,,,,,,,,,,,,,,,,,,,,,,,,,,,,,,,,,,,,,,,,,,,,,,,,,,,,
395,ใบสั่งซื้อ 3C272-03/2563,โครงการต่อเนื่อง โครงการจัดซื้อยาเวชภัณฑ์ฯ 3 ปี (2563-2565),บริษัท ไอดีเอส เมดิคอล ซิสเต็มส์(ประเทศไทย) จำกัด,2020-06-30," 23,000.00 ",50301020321,ค่ายาและเวชภัณฑ์ อวัยวะเทียม,20101010101,เจ้าหนี้ค่าสินค้าและบริการ,,,,,,,,,,,,,,,,,,,,,,,,,,,,,,,,,,,,,,,,,,,,,,,,,,,,,
396,ใบสั่งซื้อ 3C272-04/2563,โครงการต่อเนื่อง โครงการจัดซื้อยาเวชภัณฑ์ฯ 3 ปี (2563-2565),บริษัท ไอดีเอส เมดิคอล ซิสเต็มส์(ประเทศไทย) จำกัด,2020-08-06," 69,000.00 ",50301020321,ค่ายาและเวชภัณฑ์ อวัยวะเทียม,20101010101,เจ้าหนี้ค่าสินค้าและบริการ,,,,,,,,,,,,,,,,,,,,,,,,,,,,,,,,,,,,,,,,,,,,,,,,,,,,,
397,ใบสั่งซื้อ 3C272-05/2563,โครงการต่อเนื่อง โครงการจัดซื้อยาเวชภัณฑ์ฯ 3 ปี (2563-2565),บริษัท ไอดีเอส เมดิคอล ซิสเต็มส์(ประเทศไทย) จำกัด,2020-08-28," 69,000.00 ",50301020321,ค่ายาและเวชภัณฑ์ อวัยวะเทียม,20101010101,เจ้าหนี้ค่าสินค้าและบริการ,,,,,,,,,,,,,,,,,,,,,,,,,,,,,,,,,,,,,,,,,,,,,,,,,,,,,
398,ใบสั่งซื้อ 3C335-01/2563,โครงการต่อเนื่อง โครงการจัดซื้อยาเวชภัณฑ์ฯ 3 ปี (2563-2565),บริษัท ดีเคเอสเอช (ประเทศไทย) จำกัด,2020-08-28," 252,000.00 ",50301020321,ค่ายาและเวชภัณฑ์ อวัยวะเทียม,20101010101,เจ้าหนี้ค่าสินค้าและบริการ,,,,,,,,,,,,,,,,,,,,,,,,,,,,,,,,,,,,,,,,,,,,,,,,,,,,,
399,ใบสั่งซื้อ 3C335-02/2563,โครงการต่อเนื่อง โครงการจัดซื้อยาเวชภัณฑ์ฯ 3 ปี (2563-2565),บริษัท ดีเคเอสเอช (ประเทศไทย) จำกัด,2020-09-14," 30,494.00 ",50301020321,ค่ายาและเวชภัณฑ์ อวัยวะเทียม,20101010101,เจ้าหนี้ค่าสินค้าและบริการ,,,,,,,,,,,,,,,,,,,,,,,,,,,,,,,,,,,,,,,,,,,,,,,,,,,,,
400,ใบสั่งซื้อ 3C339-01/2563,โครงการต่อเนื่อง โครงการจัดซื้อยาเวชภัณฑ์ฯ 3 ปี (2563-2565),บริษัท ดับบลิวเอส เมดิกา จำกัด,2020-09-22," 104,000.00 ",50301020321,ค่ายาและเวชภัณฑ์ อวัยวะเทียม,20101010101,เจ้าหนี้ค่าสินค้าและบริการ,,,,,,,,,,,,,,,,,,,,,,,,,,,,,,,,,,,,,,,,,,,,,,,,,,,,,
401,ใบสั่งซื้อ 3C342-01/2563,โครงการต่อเนื่อง โครงการจัดซื้อยาเวชภัณฑ์ฯ 3 ปี (2563-2565),บริษัท อินเตอร์ เมดิคอล จำกัด,2020-09-14," 35,200.00 ",50301020321,ค่ายาและเวชภัณฑ์ อวัยวะเทียม,20101010101,เจ้าหนี้ค่าสินค้าและบริการ,,,,,,,,,,,,,,,,,,,,,,,,,,,,,,,,,,,,,,,,,,,,,,,,,,,,,
402,ใบสั่งซื้อ 3C346-01/2563,โครงการต่อเนื่อง โครงการจัดซื้อยาเวชภัณฑ์ฯ 3 ปี (2563-2565),ห้างหุ้นส่วนจำกัด พร้อม เซิร์ฟ,2020-09-11," 8,300.00 ",50301020321,ค่ายาและเวชภัณฑ์ อวัยวะเทียม,20101010101,เจ้าหนี้ค่าสินค้าและบริการ,,,,,,,,,,,,,,,,,,,,,,,,,,,,,,,,,,,,,,,,,,,,,,,,,,,,,
403,ใบสั่งซื้อ 3C361-01/2563,โครงการต่อเนื่อง โครงการจัดซื้อยาเวชภัณฑ์ฯ 3 ปี (2563-2565),บริษัท เบตเตอร์ เมดิคอล แคร์ จำกัด,2020-09-08," 117,165.00 ",50301020321,ค่ายาและเวชภัณฑ์ อวัยวะเทียม,20101010101,เจ้าหนี้ค่าสินค้าและบริการ,,,,,,,,,,,,,,,,,,,,,,,,,,,,,,,,,,,,,,,,,,,,,,,,,,,,,
404,ใบสั่งซื้อ 3C85-06/2563,โครงการต่อเนื่อง โครงการจัดซื้อยาเวชภัณฑ์ฯ 3 ปี (2563-2565),สถาบันเทคโนโลยีนิวเคลียร์แห่งชาติ (องค์การมหาชน),2020-09-03," 5,885.00 ",50301020321,ค่ายาและเวชภัณฑ์ อวัยวะเทียม,20101010101,เจ้าหนี้ค่าสินค้าและบริการ,,,,,,,,,,,,,,,,,,,,,,,,,,,,,,,,,,,,,,,,,,,,,,,,,,,,,
405,ใบสั่งซื้อ 3C85-07/2563,โครงการต่อเนื่อง โครงการจัดซื้อยาเวชภัณฑ์ฯ 3 ปี (2563-2565),สถาบันเทคโนโลยีนิวเคลียร์แห่งชาติ (องค์การมหาชน),2020-09-15," 5,885.00 ",50301020321,ค่ายาและเวชภัณฑ์ อวัยวะเทียม,20101010101,เจ้าหนี้ค่าสินค้าและบริการ,,,,,,,,,,,,,,,,,,,,,,,,,,,,,,,,,,,,,,,,,,,,,,,,,,,,,
406,ใบสั่งซื้อ 3C166-03/2563,โครงการต่อเนื่อง โครงการจัดซื้อยาเวชภัณฑ์ฯ 3 ปี (2563-2565),บริษัท คุ้ก เมดิคอล (ประเทศไทย) จำกัด,2020-08-21," 2,598,000.00 ",50301020321,ค่ายาและเวชภัณฑ์ อวัยวะเทียม,20101010101,เจ้าหนี้ค่าสินค้าและบริการ,,,,,,,,,,,,,,,,,,,,,,,,,,,,,,,,,,,,,,,,,,,,,,,,,,,,,
407,ใบสั่งซื้อ 3C168-02/2563,โครงการต่อเนื่อง โครงการจัดซื้อยาเวชภัณฑ์ฯ 3 ปี (2563-2565),บริษัท ดีเคเอสเอช (ประเทศไทย) จำกัด,2020-09-21," 159,783.00 ",50301020321,ค่ายาและเวชภัณฑ์ อวัยวะเทียม,20101010101,เจ้าหนี้ค่าสินค้าและบริการ,,,,,,,,,,,,,,,,,,,,,,,,,,,,,,,,,,,,,,,,,,,,,,,,,,,,,
408,ใบสั่งซื้อ 3C180-04/2563,โครงการต่อเนื่อง โครงการจัดซื้อยาเวชภัณฑ์ฯ 3 ปี (2563-2565),บริษัท ฟาโวริกา จำกัด,2020-08-03," 114,676.00 ",50301020321,ค่ายาและเวชภัณฑ์ อวัยวะเทียม,20101010101,เจ้าหนี้ค่าสินค้าและบริการ,,,,,,,,,,,,,,,,,,,,,,,,,,,,,,,,,,,,,,,,,,,,,,,,,,,,,
409,ใบสั่งซื้อ 3C184-05/2563,โครงการต่อเนื่อง โครงการจัดซื้อยาเวชภัณฑ์ฯ 3 ปี (2563-2565),บริษัท บอสตัน ไซเอนทิฟิค (ประเทศไทย) จำกัด,2020-07-27," 240,000.00 ",50301020321,ค่ายาและเวชภัณฑ์ อวัยวะเทียม,20101010101,เจ้าหนี้ค่าสินค้าและบริการ,,,,,,,,,,,,,,,,,,,,,,,,,,,,,,,,,,,,,,,,,,,,,,,,,,,,,
410,ใบสั่งซื้อ 3C184-06/2563,โครงการต่อเนื่อง โครงการจัดซื้อยาเวชภัณฑ์ฯ 3 ปี (2563-2565),บริษัท บอสตัน ไซเอนทิฟิค (ประเทศไทย) จำกัด,2020-08-03," 115,560.00 ",50301020321,ค่ายาและเวชภัณฑ์ อวัยวะเทียม,20101010101,เจ้าหนี้ค่าสินค้าและบริการ,,,,,,,,,,,,,,,,,,,,,,,,,,,,,,,,,,,,,,,,,,,,,,,,,,,,,
411,ใบสั่งซื้อ 3C184-07/2563,โครงการต่อเนื่อง โครงการจัดซื้อยาเวชภัณฑ์ฯ 3 ปี (2563-2565),บริษัท บอสตัน ไซเอนทิฟิค (ประเทศไทย) จำกัด,2020-08-21," 53,400.00 ",50301020321,ค่ายาและเวชภัณฑ์ อวัยวะเทียม,20101010101,เจ้าหนี้ค่าสินค้าและบริการ,,,,,,,,,,,,,,,,,,,,,,,,,,,,,,,,,,,,,,,,,,,,,,,,,,,,,
412,ใบสั่งซื้อ 3C185-04/2563,โครงการต่อเนื่อง โครงการจัดซื้อยาเวชภัณฑ์ฯ 3 ปี (2563-2565),บริษัท บอสตัน ไซเอนทิฟิค (ประเทศไทย) จำกัด,2020-07-21," 14,980.00 ",50301020321,ค่ายาและเวชภัณฑ์ อวัยวะเทียม,20101010101,เจ้าหนี้ค่าสินค้าและบริการ,,,,,,,,,,,,,,,,,,,,,,,,,,,,,,,,,,,,,,,,,,,,,,,,,,,,,
413,ใบสั่งซื้อ 3C185-05/2563,โครงการต่อเนื่อง โครงการจัดซื้อยาเวชภัณฑ์ฯ 3 ปี (2563-2565),บริษัท บอสตัน ไซเอนทิฟิค (ประเทศไทย) จำกัด,2020-07-27," 171,436.00 ",50301020321,ค่ายาและเวชภัณฑ์ อวัยวะเทียม,20101010101,เจ้าหนี้ค่าสินค้าและบริการ,,,,,,,,,,,,,,,,,,,,,,,,,,,,,,,,,,,,,,,,,,,,,,,,,,,,,
414,ใบสั่งซื้อ 3C186-01/2563,โครงการต่อเนื่อง โครงการจัดซื้อยาเวชภัณฑ์ฯ 3 ปี (2563-2565),บริษัท ดีเคเอสเอช (ประเทศไทย) จำกัด,2020-07-02," 194,740.00 ",50301020321,ค่ายาและเวชภัณฑ์ อวัยวะเทียม,20101010101,เจ้าหนี้ค่าสินค้าและบริการ,,,,,,,,,,,,,,,,,,,,,,,,,,,,,,,,,,,,,,,,,,,,,,,,,,,,,
415,ใบสั่งซื้อ 3C186-02/2563,โครงการต่อเนื่อง โครงการจัดซื้อยาเวชภัณฑ์ฯ 3 ปี (2563-2565),บริษัท ดีเคเอสเอช (ประเทศไทย) จำกัด,2020-09-21," 147,190.00 ",50301020321,ค่ายาและเวชภัณฑ์ อวัยวะเทียม,20101010101,เจ้าหนี้ค่าสินค้าและบริการ,,,,,,,,,,,,,,,,,,,,,,,,,,,,,,,,,,,,,,,,,,,,,,,,,,,,,
416,ใบสั่งซื้อ 3C190-05/2563,โครงการต่อเนื่อง โครงการจัดซื้อยาเวชภัณฑ์ฯ 3 ปี (2563-2565),บริษัท วินเทค 24 จำกัด,2020-07-15," 28,800.00 ",50301020321,ค่ายาและเวชภัณฑ์ อวัยวะเทียม,20101010101,เจ้าหนี้ค่าสินค้าและบริการ,,,,,,,,,,,,,,,,,,,,,,,,,,,,,,,,,,,,,,,,,,,,,,,,,,,,,
417,ใบสั่งซื้อ 3C232-01/2563,โครงการต่อเนื่อง โครงการจัดซื้อยาเวชภัณฑ์ฯ 3 ปี (2563-2565),บริษัท โนวา เฮลท์ เทคโนโลยี่ส์ จำกัด,2020-09-21," 166,000.00 ",50301020321,ค่ายาและเวชภัณฑ์ อวัยวะเทียม,20101010101,เจ้าหนี้ค่าสินค้าและบริการ,,,,,,,,,,,,,,,,,,,,,,,,,,,,,,,,,,,,,,,,,,,,,,,,,,,,,
418,ใบสั่งซื้อ 3C234-01/2563,โครงการต่อเนื่อง โครงการจัดซื้อยาเวชภัณฑ์ฯ 3 ปี (2563-2565),บริษัท ดีเคเอสเอช (ประเทศไทย) จำกัด,2020-09-21," 476,630.00 ",50301020321,ค่ายาและเวชภัณฑ์ อวัยวะเทียม,20101010101,เจ้าหนี้ค่าสินค้าและบริการ,,,,,,,,,,,,,,,,,,,,,,,,,,,,,,,,,,,,,,,,,,,,,,,,,,,,,
419,ใบสั่งซื้อ 3C278-01/2563,โครงการต่อเนื่อง โครงการจัดซื้อยาเวชภัณฑ์ฯ 3 ปี (2563-2565),บริษัท แนชเชอเริล มีเดีย จำกัด,2020-09-21," 90,000.00 ",50301020321,ค่ายาและเวชภัณฑ์ อวัยวะเทียม,20101010101,เจ้าหนี้ค่าสินค้าและบริการ,,,,,,,,,,,,,,,,,,,,,,,,,,,,,,,,,,,,,,,,,,,,,,,,,,,,,
420,ใบสั่งซื้อ 3C279-02/2563,โครงการต่อเนื่อง โครงการจัดซื้อยาเวชภัณฑ์ฯ 3 ปี (2563-2565),บริษัท จอห์นสัน แอนด์ จอห์นสัน (ไทย) จำกัด,2020-08-04," 73,958.40 ",50301020321,ค่ายาและเวชภัณฑ์ อวัยวะเทียม,20101010101,เจ้าหนี้ค่าสินค้าและบริการ,,,,,,,,,,,,,,,,,,,,,,,,,,,,,,,,,,,,,,,,,,,,,,,,,,,,,
421,ใบสั่งซื้อ 3C284-01/2563,โครงการต่อเนื่อง โครงการจัดซื้อยาเวชภัณฑ์ฯ 3 ปี (2563-2565),บริษัท เบตเตอร์ เมดิคอล แคร์ จำกัด,2020-05-26," 75,884.40 ",50301020321,ค่ายาและเวชภัณฑ์ อวัยวะเทียม,20101010101,เจ้าหนี้ค่าสินค้าและบริการ,,,,,,,,,,,,,,,,,,,,,,,,,,,,,,,,,,,,,,,,,,,,,,,,,,,,,
422,ใบสั่งซื้อ 3C284-02/2563,โครงการต่อเนื่อง โครงการจัดซื้อยาเวชภัณฑ์ฯ 3 ปี (2563-2565),บริษัท เบตเตอร์ เมดิคอล แคร์ จำกัด,2020-08-04," 51,360.00 ",50301020321,ค่ายาและเวชภัณฑ์ อวัยวะเทียม,20101010101,เจ้าหนี้ค่าสินค้าและบริการ,,,,,,,,,,,,,,,,,,,,,,,,,,,,,,,,,,,,,,,,,,,,,,,,,,,,,
423,ใบสั่งซื้อ 3C291-02/2563,โครงการต่อเนื่อง โครงการจัดซื้อยาเวชภัณฑ์ฯ 3 ปี (2563-2565),บริษัท บอสตัน ไซเอนทิฟิค (ประเทศไทย) จำกัด,2020-07-27," 26,215.00 ",50301020321,ค่ายาและเวชภัณฑ์ อวัยวะเทียม,20101010101,เจ้าหนี้ค่าสินค้าและบริการ,,,,,,,,,,,,,,,,,,,,,,,,,,,,,,,,,,,,,,,,,,,,,,,,,,,,,
424,ใบสั่งซื้อ 3C08-09/2563,โครงการต่อเนื่อง โครงการจัดซื้อยาเวชภัณฑ์ฯ 3 ปี (2563-2565),บริษัท ดีเคเอสเอช (ประเทศไทย) จำกัด,2020-07-27," 324,800.00 ",50301020321,ค่ายาและเวชภัณฑ์ อวัยวะเทียม,20101010101,เจ้าหนี้ค่าสินค้าและบริการ,,,,,,,,,,,,,,,,,,,,,,,,,,,,,,,,,,,,,,,,,,,,,,,,,,,,,
425,ใบสั่งซื้อ 3C170-04/2563,โครงการต่อเนื่อง โครงการจัดซื้อยาเวชภัณฑ์ฯ 3 ปี (2563-2565),บริษัท อาร์เอ็กซ์ จำกัด,2020-09-15," 33,900.00 ",50301020321,ค่ายาและเวชภัณฑ์ อวัยวะเทียม,20101010101,เจ้าหนี้ค่าสินค้าและบริการ,,,,,,,,,,,,,,,,,,,,,,,,,,,,,,,,,,,,,,,,,,,,,,,,,,,,,
426,ใบสั่งซื้อ 3C171-06/2563,โครงการต่อเนื่อง โครงการจัดซื้อยาเวชภัณฑ์ฯ 3 ปี (2563-2565),บริษัท เจ เอส วิชั่น จำกัด,2020-09-03," 450,780.00 ",50301020321,ค่ายาและเวชภัณฑ์ อวัยวะเทียม,20101010101,เจ้าหนี้ค่าสินค้าและบริการ,,,,,,,,,,,,,,,,,,,,,,,,,,,,,,,,,,,,,,,,,,,,,,,,,,,,,
427,ใบสั่งซื้อ 3C171-07/2563,โครงการต่อเนื่อง โครงการจัดซื้อยาเวชภัณฑ์ฯ 3 ปี (2563-2565),บริษัท เจ เอส วิชั่น จำกัด,2020-09-24," 339,300.00 ",50301020321,ค่ายาและเวชภัณฑ์ อวัยวะเทียม,20101010101,เจ้าหนี้ค่าสินค้าและบริการ,,,,,,,,,,,,,,,,,,,,,,,,,,,,,,,,,,,,,,,,,,,,,,,,,,,,,
428,ใบสั่งซื้อ C173-01/2563,โครงการต่อเนื่อง โครงการจัดซื้อยาเวชภัณฑ์ฯ 3 ปี (2563-2565),บริษัท ดีเคเอสเอช (ประเทศไทย) จำกัด,2020-08-20," 238,440.00 ",50301020321,ค่ายาและเวชภัณฑ์ อวัยวะเทียม,20101010101,เจ้าหนี้ค่าสินค้าและบริการ,,,,,,,,,,,,,,,,,,,,,,,,,,,,,,,,,,,,,,,,,,,,,,,,,,,,,
429,ใบสั่งซื้อ 3C220-04/2563,โครงการต่อเนื่อง โครงการจัดซื้อยาเวชภัณฑ์ฯ 3 ปี (2563-2565),บริษัท ซิลลิค ฟาร์มา จำกัด,2020-07-26," 122,500.00 ",50301020321,ค่ายาและเวชภัณฑ์ อวัยวะเทียม,20101010101,เจ้าหนี้ค่าสินค้าและบริการ,,,,,,,,,,,,,,,,,,,,,,,,,,,,,,,,,,,,,,,,,,,,,,,,,,,,,
430,ใบสั่งซื้อ 3C220-05/2563,โครงการต่อเนื่อง โครงการจัดซื้อยาเวชภัณฑ์ฯ 3 ปี (2563-2565),บริษัท ซิลลิค ฟาร์มา จำกัด,2020-09-15," 186,500.00 ",50301020321,ค่ายาและเวชภัณฑ์ อวัยวะเทียม,20101010101,เจ้าหนี้ค่าสินค้าและบริการ,,,,,,,,,,,,,,,,,,,,,,,,,,,,,,,,,,,,,,,,,,,,,,,,,,,,,
431,ใบสั่งซื้อ 3C236-03/2563,โครงการต่อเนื่อง โครงการจัดซื้อยาเวชภัณฑ์ฯ 3 ปี (2563-2565),บริษัท ฟินิกซ์ เซอร์จิคัล อิควิปเม้นท์ (ประเทศไทย) จำกัด,2020-08-03," 385,560.00 ",50301020321,ค่ายาและเวชภัณฑ์ อวัยวะเทียม,20101010101,เจ้าหนี้ค่าสินค้าและบริการ,,,,,,,,,,,,,,,,,,,,,,,,,,,,,,,,,,,,,,,,,,,,,,,,,,,,,
432,ใบสั่งซื้อ 3C240-02/2563,โครงการต่อเนื่อง โครงการจัดซื้อยาเวชภัณฑ์ฯ 3 ปี (2563-2565),บริษัท ซัมมิท เฮลธ์เเคร์ จำกัด,2020-06-25," 172,900.00 ",50301020321,ค่ายาและเวชภัณฑ์ อวัยวะเทียม,20101010101,เจ้าหนี้ค่าสินค้าและบริการ,,,,,,,,,,,,,,,,,,,,,,,,,,,,,,,,,,,,,,,,,,,,,,,,,,,,,
433,ใบสั่งซื้อ 3C250-02/2563,โครงการต่อเนื่อง โครงการจัดซื้อยาเวชภัณฑ์ฯ 3 ปี (2563-2565),บริษัท ดับบลิวเอส เมดิกา จำกัด,2020-06-30," 1,165,700.00 ",50301020321,ค่ายาและเวชภัณฑ์ อวัยวะเทียม,20101010101,เจ้าหนี้ค่าสินค้าและบริการ,,,,,,,,,,,,,,,,,,,,,,,,,,,,,,,,,,,,,,,,,,,,,,,,,,,,,
434,ใบสั่งซื้อ 3C250-03/2563,โครงการต่อเนื่อง โครงการจัดซื้อยาเวชภัณฑ์ฯ 3 ปี (2563-2565),บริษัท ดับบลิวเอส เมดิกา จำกัด,2020-08-27," 1,970,100.00 ",50301020321,ค่ายาและเวชภัณฑ์ อวัยวะเทียม,20101010101,เจ้าหนี้ค่าสินค้าและบริการ,,,,,,,,,,,,,,,,,,,,,,,,,,,,,,,,,,,,,,,,,,,,,,,,,,,,,
435,ใบสั่งซื้อ 3C251-02/2563,โครงการต่อเนื่อง โครงการจัดซื้อยาเวชภัณฑ์ฯ 3 ปี (2563-2565),บริษัท ไทยเมดิคอล อิมพลานท์ จำกัด,2020-06-25," 82,260.00 ",50301020321,ค่ายาและเวชภัณฑ์ อวัยวะเทียม,20101010101,เจ้าหนี้ค่าสินค้าและบริการ,,,,,,,,,,,,,,,,,,,,,,,,,,,,,,,,,,,,,,,,,,,,,,,,,,,,,
436,ใบสั่งซื้อ 3C252-03/2563,โครงการต่อเนื่อง โครงการจัดซื้อยาเวชภัณฑ์ฯ 3 ปี (2563-2565),บริษัท อินเตอร์ เมดิคอล จำกัด,2020-08-10," 144,600.00 ",50301020321,ค่ายาและเวชภัณฑ์ อวัยวะเทียม,20101010101,เจ้าหนี้ค่าสินค้าและบริการ,,,,,,,,,,,,,,,,,,,,,,,,,,,,,,,,,,,,,,,,,,,,,,,,,,,,,
437,ใบสั่งซื้อ 3C312-01/2563,โครงการต่อเนื่อง โครงการจัดซื้อยาเวชภัณฑ์ฯ 3 ปี (2563-2565),บริษัท ดีไวซ์ อินโนเวชั่น จำกัด,2020-07-24," 1,097,600.00 ",50301020321,ค่ายาและเวชภัณฑ์ อวัยวะเทียม,20101010101,เจ้าหนี้ค่าสินค้าและบริการ,,,,,,,,,,,,,,,,,,,,,,,,,,,,,,,,,,,,,,,,,,,,,,,,,,,,,
438,ใบสั่งซื้อ 3C108-05/2563,โครงการต่อเนื่อง โครงการจัดซื้อยาเวชภัณฑ์ฯ 3 ปี (2563-2565),บริษัท วิลแฮล์ม ฟาร์มาซูติคอล จำกัด,2020-07-16," 1,311,951.00 ",50301020321,ค่ายาและเวชภัณฑ์ อวัยวะเทียม,20101010101,เจ้าหนี้ค่าสินค้าและบริการ,,,,,,,,,,,,,,,,,,,,,,,,,,,,,,,,,,,,,,,,,,,,,,,,,,,,,
439,ใบสั่งซื้อ 3C109-05/2563,โครงการต่อเนื่อง โครงการจัดซื้อยาเวชภัณฑ์ฯ 3 ปี (2563-2565),บริษัท จอห์นสัน แอนด์ จอห์นสัน (ไทย) จำกัด,2020-07-27," 803,318.00 ",50301020321,ค่ายาและเวชภัณฑ์ อวัยวะเทียม,20101010101,เจ้าหนี้ค่าสินค้าและบริการ,,,,,,,,,,,,,,,,,,,,,,,,,,,,,,,,,,,,,,,,,,,,,,,,,,,,,
440,ใบสั่งซื้อ 3C109-06/2563,โครงการต่อเนื่อง โครงการจัดซื้อยาเวชภัณฑ์ฯ 3 ปี (2563-2565),บริษัท จอห์นสัน แอนด์ จอห์นสัน (ไทย) จำกัด,2020-08-11," 234,470.00 ",50301020321,ค่ายาและเวชภัณฑ์ อวัยวะเทียม,20101010101,เจ้าหนี้ค่าสินค้าและบริการ,,,,,,,,,,,,,,,,,,,,,,,,,,,,,,,,,,,,,,,,,,,,,,,,,,,,,
441,ใบสั่งซื้อ 3C110-04/2563,โครงการต่อเนื่อง โครงการจัดซื้อยาเวชภัณฑ์ฯ 3 ปี (2563-2565),บริษัท ดีเคเอสเอช (ประเทศไทย) จำกัด,2020-07-17," 282,900.00 ",50301020321,ค่ายาและเวชภัณฑ์ อวัยวะเทียม,20101010101,เจ้าหนี้ค่าสินค้าและบริการ,,,,,,,,,,,,,,,,,,,,,,,,,,,,,,,,,,,,,,,,,,,,,,,,,,,,,
442,ใบสั่งซื้อ 3C110-05/2563,โครงการต่อเนื่อง โครงการจัดซื้อยาเวชภัณฑ์ฯ 3 ปี (2563-2565),บริษัท ดีเคเอสเอช (ประเทศไทย) จำกัด,2020-08-18," 94,300.00 ",50301020321,ค่ายาและเวชภัณฑ์ อวัยวะเทียม,20101010101,เจ้าหนี้ค่าสินค้าและบริการ,,,,,,,,,,,,,,,,,,,,,,,,,,,,,,,,,,,,,,,,,,,,,,,,,,,,,
443,ใบสั่งซื้อ 3C111-06/2563,โครงการต่อเนื่อง โครงการจัดซื้อยาเวชภัณฑ์ฯ 3 ปี (2563-2565),บริษัท ซิลลิค ฟาร์มา จำกัด,2020-06-26," 282,000.00 ",50301020321,ค่ายาและเวชภัณฑ์ อวัยวะเทียม,20101010101,เจ้าหนี้ค่าสินค้าและบริการ,,,,,,,,,,,,,,,,,,,,,,,,,,,,,,,,,,,,,,,,,,,,,,,,,,,,,
444,ใบสั่งซื้อ 3C111-07/2563,โครงการต่อเนื่อง โครงการจัดซื้อยาเวชภัณฑ์ฯ 3 ปี (2563-2565),บริษัท ซิลลิค ฟาร์มา จำกัด,2020-08-06," 188,000.00 ",50301020321,ค่ายาและเวชภัณฑ์ อวัยวะเทียม,20101010101,เจ้าหนี้ค่าสินค้าและบริการ,,,,,,,,,,,,,,,,,,,,,,,,,,,,,,,,,,,,,,,,,,,,,,,,,,,,,
445,ใบสั่งซื้อ 3C112-06/2563,โครงการต่อเนื่อง โครงการจัดซื้อยาเวชภัณฑ์ฯ 3 ปี (2563-2565),บริษัท ดีเคเอสเอช (ประเทศไทย) จำกัด,2020-08-03," 124,000.00 ",50301020321,ค่ายาและเวชภัณฑ์ อวัยวะเทียม,20101010101,เจ้าหนี้ค่าสินค้าและบริการ,,,,,,,,,,,,,,,,,,,,,,,,,,,,,,,,,,,,,,,,,,,,,,,,,,,,,
446,ใบสั่งซื้อ 3C112-07/2563,โครงการต่อเนื่อง โครงการจัดซื้อยาเวชภัณฑ์ฯ 3 ปี (2563-2565),บริษัท ดีเคเอสเอช (ประเทศไทย) จำกัด,2020-09-02," 139,500.00 ",50301020321,ค่ายาและเวชภัณฑ์ อวัยวะเทียม,20101010101,เจ้าหนี้ค่าสินค้าและบริการ,,,,,,,,,,,,,,,,,,,,,,,,,,,,,,,,,,,,,,,,,,,,,,,,,,,,,
447,ใบสั่งซื้อ 3C147-02/2563,โครงการต่อเนื่อง โครงการจัดซื้อยาเวชภัณฑ์ฯ 3 ปี (2563-2565),บริษัท จอห์นสัน แอนด์ จอห์นสัน (ไทย) จำกัด,2020-05-28," 168,500.00 ",50301020321,ค่ายาและเวชภัณฑ์ อวัยวะเทียม,20101010101,เจ้าหนี้ค่าสินค้าและบริการ,,,,,,,,,,,,,,,,,,,,,,,,,,,,,,,,,,,,,,,,,,,,,,,,,,,,,
448,ใบสั่งซื้อ 3C147-03/2563,โครงการต่อเนื่อง โครงการจัดซื้อยาเวชภัณฑ์ฯ 3 ปี (2563-2565),บริษัท จอห์นสัน แอนด์ จอห์นสัน (ไทย) จำกัด,2020-07-30," 103,500.00 ",50301020321,ค่ายาและเวชภัณฑ์ อวัยวะเทียม,20101010101,เจ้าหนี้ค่าสินค้าและบริการ,,,,,,,,,,,,,,,,,,,,,,,,,,,,,,,,,,,,,,,,,,,,,,,,,,,,,
449,ใบสั่งซื้อ 3C147-04/2563,โครงการต่อเนื่อง โครงการจัดซื้อยาเวชภัณฑ์ฯ 3 ปี (2563-2565),บริษัท จอห์นสัน แอนด์ จอห์นสัน (ไทย) จำกัด,2020-08-11," 36,217.00 ",50301020321,ค่ายาและเวชภัณฑ์ อวัยวะเทียม,20101010101,เจ้าหนี้ค่าสินค้าและบริการ,,,,,,,,,,,,,,,,,,,,,,,,,,,,,,,,,,,,,,,,,,,,,,,,,,,,,
450,ใบสั่งซื้อ 3C148-02/2563,โครงการต่อเนื่อง โครงการจัดซื้อยาเวชภัณฑ์ฯ 3 ปี (2563-2565),บริษัท ซิลลิค ฟาร์มา จำกัด,2020-03-10," 309,670.00 ",50301020321,ค่ายาและเวชภัณฑ์ อวัยวะเทียม,20101010101,เจ้าหนี้ค่าสินค้าและบริการ,,,,,,,,,,,,,,,,,,,,,,,,,,,,,,,,,,,,,,,,,,,,,,,,,,,,,
451,ใบสั่งซื้อ 3C148-03/2563,โครงการต่อเนื่อง โครงการจัดซื้อยาเวชภัณฑ์ฯ 3 ปี (2563-2565),บริษัท ซิลลิค ฟาร์มา จำกัด,2020-05-15," 633,325.00 ",50301020321,ค่ายาและเวชภัณฑ์ อวัยวะเทียม,20101010101,เจ้าหนี้ค่าสินค้าและบริการ,,,,,,,,,,,,,,,,,,,,,,,,,,,,,,,,,,,,,,,,,,,,,,,,,,,,,
452,ใบสั่งซื้อ 3C149-02/2563,โครงการต่อเนื่อง โครงการจัดซื้อยาเวชภัณฑ์ฯ 3 ปี (2563-2565),บริษัท ดีเคเอสเอช (ประเทศไทย) จำกัด,2020-05-15," 103,362.00 ",50301020321,ค่ายาและเวชภัณฑ์ อวัยวะเทียม,20101010101,เจ้าหนี้ค่าสินค้าและบริการ,,,,,,,,,,,,,,,,,,,,,,,,,,,,,,,,,,,,,,,,,,,,,,,,,,,,,
453,ใบสั่งซื้อ 3C149-03/2563,โครงการต่อเนื่อง โครงการจัดซื้อยาเวชภัณฑ์ฯ 3 ปี (2563-2565),บริษัท ดีเคเอสเอช (ประเทศไทย) จำกัด,2020-07-17," 159,430.00 ",50301020321,ค่ายาและเวชภัณฑ์ อวัยวะเทียม,20101010101,เจ้าหนี้ค่าสินค้าและบริการ,,,,,,,,,,,,,,,,,,,,,,,,,,,,,,,,,,,,,,,,,,,,,,,,,,,,,
454,ใบสั่งซื้อ 3C149-04/2563,โครงการต่อเนื่อง โครงการจัดซื้อยาเวชภัณฑ์ฯ 3 ปี (2563-2565),บริษัท ดีเคเอสเอช (ประเทศไทย) จำกัด,2020-08-18," 42,051.00 ",50301020321,ค่ายาและเวชภัณฑ์ อวัยวะเทียม,20101010101,เจ้าหนี้ค่าสินค้าและบริการ,,,,,,,,,,,,,,,,,,,,,,,,,,,,,,,,,,,,,,,,,,,,,,,,,,,,,
455,ใบสั่งซื้อ 3C215-02/2563,โครงการต่อเนื่อง โครงการจัดซื้อยาเวชภัณฑ์ฯ 3 ปี (2563-2565),บริษัท ซิลลิค ฟาร์มา จำกัด,2020-05-15," 235,306.00 ",50301020321,ค่ายาและเวชภัณฑ์ อวัยวะเทียม,20101010101,เจ้าหนี้ค่าสินค้าและบริการ,,,,,,,,,,,,,,,,,,,,,,,,,,,,,,,,,,,,,,,,,,,,,,,,,,,,,
456,ใบสั่งซื้อ 3C216-02/2563,โครงการต่อเนื่อง โครงการจัดซื้อยาเวชภัณฑ์ฯ 3 ปี (2563-2565),บริษัท วิลแฮล์ม ฟาร์มาซูติคอล จำกัด,2020-07-16," 335,600.00 ",50301020321,ค่ายาและเวชภัณฑ์ อวัยวะเทียม,20101010101,เจ้าหนี้ค่าสินค้าและบริการ,,,,,,,,,,,,,,,,,,,,,,,,,,,,,,,,,,,,,,,,,,,,,,,,,,,,,
457,ใบสั่งซื้อ 3C299-01/2563,โครงการต่อเนื่อง โครงการจัดซื้อยาเวชภัณฑ์ฯ 3 ปี (2563-2565),บริษัท เกท์ทิงเก (ไทยแลนด์) จำกัด,2020-07-27," 225,000.00 ",50301020321,ค่ายาและเวชภัณฑ์ อวัยวะเทียม,20101010101,เจ้าหนี้ค่าสินค้าและบริการ,,,,,,,,,,,,,,,,,,,,,,,,,,,,,,,,,,,,,,,,,,,,,,,,,,,,,
458,ใบสั่งซื้อ 3C393-01/2563,โครงการต่อเนื่อง โครงการจัดซื้อยาเวชภัณฑ์ฯ 3 ปี (2563-2565),บริษัท พันชายน์ เทคโนโลยี จำกัด,2020-09-24," 168,000.00 ",50301020321,ค่ายาและเวชภัณฑ์ อวัยวะเทียม,20101010101,เจ้าหนี้ค่าสินค้าและบริการ,,,,,,,,,,,,,,,,,,,,,,,,,,,,,,,,,,,,,,,,,,,,,,,,,,,,,
459,โครงการฯ คณะแพทยศาสตร์ฯ พวช.ภ.0321/63-65,โครงการต่อเนื่อง,บริษัท ซิลลิค ฟาร์มา จำกัด,2020-09-10," 96,599.60 ",50301020321,ค่ายาและเวชภัณฑ์ อวัยวะเทียม,20101010101,เจ้าหนี้ค่าสินค้าและบริการ,,,,,,,,,,,,,,,,,,,,,,,,,,,,,,,,,,,,,,,,,,,,,,,,,,,,,1
460,โครงการฯ คณะแพทยศาสตร์ฯ พวช.ภ.0321/63-65,โครงการต่อเนื่อง,บริษัท ซิลลิค ฟาร์มา จำกัด,2020-09-14," 51,360.00 ",50301020321,ค่ายาและเวชภัณฑ์ อวัยวะเทียม,20101010101,เจ้าหนี้ค่าสินค้าและบริการ,,,,,,,,,,,,,,,,,,,,,,,,,,,,,,,,,,,,,,,,,,,,,,,,,,,,,1
461,โครงการฯ คณะแพทยศาสตร์ฯ พวช.ภ.0343/63-65,โครงการต่อเนื่อง,บริษัท ซิลลิค ฟาร์มา จำกัด,2020-09-14," 685,656.00 ",50301020321,ค่ายาและเวชภัณฑ์ อวัยวะเทียม,20101010101,เจ้าหนี้ค่าสินค้าและบริการ,,,,,,,,,,,,,,,,,,,,,,,,,,,,,,,,,,,,,,,,,,,,,,,,,,,,,1
462,โครงการฯ คณะแพทยศาสตร์ฯ พวช.ภ.0343/63-65,โครงการต่อเนื่อง,บริษัท ซิลลิค ฟาร์มา จำกัด,2020-09-15," 676,026.00 ",50301020321,ค่ายาและเวชภัณฑ์ อวัยวะเทียม,20101010101,เจ้าหนี้ค่าสินค้าและบริการ,,,,,,,,,,,,,,,,,,,,,,,,,,,,,,,,,,,,,,,,,,,,,,,,,,,,,1
463,โครงการฯ คณะแพทยศาสตร์ฯ พวช.ภ.0343/63-65,โครงการต่อเนื่อง,บริษัท ซิลลิค ฟาร์มา จำกัด,2020-09-16," 1,549,210.20 ",50301020321,ค่ายาและเวชภัณฑ์ อวัยวะเทียม,20101010101,เจ้าหนี้ค่าสินค้าและบริการ,,,,,,,,,,,,,,,,,,,,,,,,,,,,,,,,,,,,,,,,,,,,,,,,,,,,,1
464,โครงการฯ คณะแพทยศาสตร์ฯ พวช.ภ.0347/63-65,โครงการต่อเนื่อง,บริษัท ซิลลิค ฟาร์มา จำกัด,2020-09-15," 564,960.00 ",50301020321,ค่ายาและเวชภัณฑ์ อวัยวะเทียม,20101010101,เจ้าหนี้ค่าสินค้าและบริการ,,,,,,,,,,,,,,,,,,,,,,,,,,,,,,,,,,,,,,,,,,,,,,,,,,,,,1
465,โครงการฯ คณะแพทยศาสตร์ฯ พวช.ภ.0347/63-65,โครงการต่อเนื่อง,บริษัท ซิลลิค ฟาร์มา จำกัด,2020-09-16," 1,042,663.30 ",50301020321,ค่ายาและเวชภัณฑ์ อวัยวะเทียม,20101010101,เจ้าหนี้ค่าสินค้าและบริการ,,,,,,,,,,,,,,,,,,,,,,,,,,,,,,,,,,,,,,,,,,,,,,,,,,,,,1
466,โครงการฯ คณะแพทยศาสตร์ฯ พวช.ภ.0350/63-65,โครงการต่อเนื่อง,บริษัท ซิลลิค ฟาร์มา จำกัด,2020-09-10," 564,000.00 ",50301020321,ค่ายาและเวชภัณฑ์ อวัยวะเทียม,20101010101,เจ้าหนี้ค่าสินค้าและบริการ,,,,,,,,,,,,,,,,,,,,,,,,,,,,,,,,,,,,,,,,,,,,,,,,,,,,,1
467,โครงการฯ คณะแพทยศาสตร์ฯ พวช.ภ.0357/63-65,โครงการต่อเนื่อง,บริษัท ซิลลิค ฟาร์มา จำกัด,2020-09-17," 2,220,624.50 ",50301020321,ค่ายาและเวชภัณฑ์ อวัยวะเทียม,20101010101,เจ้าหนี้ค่าสินค้าและบริการ,,,,,,,,,,,,,,,,,,,,,,,,,,,,,,,,,,,,,,,,,,,,,,,,,,,,,1
468,โครงการฯ คณะแพทยศาสตร์ฯ พวช.ภ.0359/63-65,โครงการต่อเนื่อง,บริษัท ดีเคเอสเอช (ประเทศไทย) จำกัด,2020-09-17," 3,673,571.90 ",50301020321,ค่ายาและเวชภัณฑ์ อวัยวะเทียม,20101010101,เจ้าหนี้ค่าสินค้าและบริการ,,,,,,,,,,,,,,,,,,,,,,,,,,,,,,,,,,,,,,,,,,,,,,,,,,,,,
469,โครงการฯ คณะแพทยศาสตร์ฯ พวช.ภ.0369/63-65,โครงการต่อเนื่อง,บริษัท ซิลลิค ฟาร์มา จำกัด,2020-09-17," 1,364,042.50 ",50301020321,ค่ายาและเวชภัณฑ์ อวัยวะเทียม,20101010101,เจ้าหนี้ค่าสินค้าและบริการ,,,,,,,,,,,,,,,,,,,,,,,,,,,,,,,,,,,,,,,,,,,,,,,,,,,,,1
470,โครงการฯ คณะแพทยศาสตร์ฯ พวช.ภ.0372/63-65,โครงการต่อเนื่อง,บริษัท ซิลลิค ฟาร์มา จำกัด,2020-09-14," 4,602,926.00 ",50301020321,ค่ายาและเวชภัณฑ์ อวัยวะเทียม,20101010101,เจ้าหนี้ค่าสินค้าและบริการ,,,,,,,,,,,,,,,,,,,,,,,,,,,,,,,,,,,,,,,,,,,,,,,,,,,,,
471,โครงการฯ คณะแพทยศาสตร์ฯ พวช.ภ.0375/63-65,โครงการต่อเนื่อง,บริษัท ซิลลิค ฟาร์มา จำกัด,2020-09-17," 398,040.00 ",50301020321,ค่ายาและเวชภัณฑ์ อวัยวะเทียม,20101010101,เจ้าหนี้ค่าสินค้าและบริการ,,,,,,,,,,,,โครงการฯ คณะแพทยศาสตร์ฯ พวช.ภ.0375/63-65,,,,,,,,,,,,,,,,,,,,,,,,,,,,,,,,,,,,,,,,,1
472,กล้องส่องตรวจชนิดมองด้วยตาสำหรับการใส่ท่อช่วยหายใจ จำนวน 1 ชุด,เงินบริจาค,บริษัท เมดิคอลอินเทนซีฟแคร์ จำกัด,2020-09-02,"550,000.00",10205070101,ครุภัณฑ์วิทยาศาสตร์และการแพทย์,20101010101,เจ้าหนี้ค่าสินค้าและบริการ,,,,,,,,,,,,,,,,,,,,,,,,,,,,,,,,,,,,,,,,,,,,,,,,,,,,,
473,เครื่องเขย่าพร้อมชั่งน้ำหนักถุงเลือดอัตโนมัติจำนวน 4 เครื่อง,เงินบริจาค,บริษัท ดีมาร์ค จำกัด,2020-09-22,"372,000.00",10205070101,ครุภัณฑ์วิทยาศาสตร์และการแพทย์,20101010101,เจ้าหนี้ค่าสินค้าและบริการ,,,,,,,,,,,,,,,,,,,,,,,,,,,,,,,,,,,,,,,,,,,,,,,,,,,,,
